Course Title,Similar Course,Similarity Score
AFST 289,CAMS 214,0.22
AFST 289,POSC 120,0.19
AFST 289,SOAN 228,0.18
AFST 300,RELG 261,0.24
AFST 300,HIST 209,0.15
AFST 300,THEA 199,0.15
AMST 115,GWSS 110,0.25
AMST 115,PHIL 219,0.23
AMST 115,LTAM 398,0.22
AMST 269,PHIL 219,0.16
AMST 269,POSC 315,0.14
AMST 269,AMST 115,0.14
AMST 321,HIST 116,0.24
AMST 321,EDUC 110,0.17
AMST 321,ARCN 112,0.17
AMST 396.00,GWSS 110,0.17
AMST 396.00,POSC 302,0.16
AMST 396.00,JAPN 343,0.15
ARBC 103,ARBC 206,0.45
ARBC 103,JAPN 206,0.27
ARBC 103,FREN 103,0.25
ARBC 206,ARBC 103,0.45
ARBC 206,THEA 199,0.32
ARBC 206,STAT 285,0.30
ARBC 222,MUSC 152,0.29
ARBC 222,MUSC 152J,0.29
ARBC 222,ARBC 223,0.29
ARBC 223,ARBC 222,0.29
ARBC 223,MUSC 195,0.28
ARBC 223,MUSC 194,0.28
ARBC 371,HIST 287,0.26
ARBC 371,ARBC 206,0.25
ARBC 371,ARBC 103,0.21
ARCN 112,HIST 116,0.27
ARCN 112,CLAS 123,0.18
ARCN 112,HIST 276,0.18
ARCN 222,PE 153,0.20
ARCN 222,CHIN 358,0.18
ARCN 222,THEA 199,0.18
ARTH 214,GERM 217,0.26
ARTH 214,GWSS 398.00,0.22
ARTH 214,GWSS 200,0.20
ARTH 298,ARTS 322,0.27
ARTH 298,HIST 298,0.27
ARTH 298,ARTH 400,0.25
ARTH 400,GEOL 400,0.46
ARTH 400,PHYS 400,0.37
ARTH 400,ARTS 400,0.37
ARTS 113,ARTS 139,0.30
ARTS 113,ARTS 262,0.28
ARTS 113,ARTS 339,0.28
ARTS 122,ARTS 262,0.28
ARTS 122,ARTS 230,0.26
ARTS 122,ARTS 322,0.26
ARTS 139,ARTS 339,0.86
ARTS 139,ARTS 230,0.32
ARTS 139,ARTS 262,0.31
ARTS 230,ARTS 262,0.33
ARTS 230,ARTS 139,0.32
ARTS 230,ARTS 339,0.28
ARTS 252,ARTS 322,0.29
ARTS 252,ARTS 230,0.26
ARTS 252,ARTS 262,0.26
ARTS 262,ARTS 230,0.33
ARTS 262,ARTS 139,0.31
ARTS 262,ARTS 339,0.28
ARTS 298,HIST 298,0.23
ARTS 298,EDUC 385,0.18
ARTS 298,ARTS 139,0.18
ARTS 322,ARTS 252,0.29
ARTS 322,ARTS 339,0.29
ARTS 322,ARTS 139,0.28
ARTS 339,ARTS 139,0.86
ARTS 339,ARTS 322,0.29
ARTS 339,ARTS 230,0.28
ARTS 374,MUSC 153J,0.21
ARTS 374,MUSC 253J,0.21
ARTS 374,PE 153,0.19
ARTS 400,CHEM 400,0.48
ARTS 400,GEOL 400,0.47
ARTS 400,SOAN 400,0.46
ASLN 111,ENGL 109,0.25
ASLN 111,CAMS 277,0.18
ASLN 111,BIOL 126,0.17
ASST 110,FREN 103,0.29
ASST 110,JAPN 206,0.29
ASST 110,THEA 199,0.28
ASST 285,RELG 110,0.15
ASST 285,HIST 201,0.15
ASST 285,CLAS 123,0.13
ASTR 113,PHYS 342,0.24
ASTR 113,PE 102,0.20
ASTR 113,PE 198,0.20
ASTR 233,PHYS 233,1.00
ASTR 233,ECON 110,0.14
ASTR 233,PHYS 234,0.12
BIOC 311,NEUR 239,0.36
BIOC 311,STAT 285,0.30
BIOC 311,THEA 199,0.27
BIOC 331,IDSC 289,0.36
BIOC 331,SOAN 240,0.28
BIOC 331,POSC 230,0.26
BIOL 125,BIOL 126,0.75
BIOL 125,THEA 199,0.29
BIOL 125,BIOL 240,0.26
BIOL 126,BIOL 125,0.75
BIOL 126,THEA 199,0.28
BIOL 126,STAT 285,0.22
BIOL 240,BIOL 353,0.33
BIOL 240,BIOL 125,0.26
BIOL 240,BIOL 241,0.25
BIOL 241,BIOL 353,0.75
BIOL 241,CHEM 349,0.38
BIOL 241,BIOL 240,0.25
BIOL 352,STAT 120,0.22
BIOL 352,BIOL 353,0.20
BIOL 352,PE 153,0.19
BIOL 353,BIOL 241,0.75
BIOL 353,CHEM 349,0.38
BIOL 353,BIOL 240,0.33
BIOL 370,CHEM 300.00,0.25
BIOL 370,SOAN 240,0.23
BIOL 370,ECON 398,0.23
BIOL 378,CS 361,0.34
BIOL 378,PHIL 119,0.29
BIOL 378,PHIL 270,0.22
BIOL 400,SOAN 400,0.26
BIOL 400,ARTH 400,0.25
BIOL 400,PE 259,0.19
CAMS 110,CAMS 186,0.24
CAMS 110,CAMS 272,0.22
CAMS 110,ARTS 139,0.22
CAMS 111,ARTS 139,0.26
CAMS 111,DGAH 398,0.25
CAMS 111,THEA 190,0.24
CAMS 186,CAMS 110,0.24
CAMS 186,GERM 400,0.24
CAMS 186,CAMS 214,0.16
CAMS 187,CAMS 214,0.18
CAMS 187,CAMS 277,0.17
CAMS 187,POSC 272,0.17
CAMS 214,POSC 201,0.26
CAMS 214,THEA 199,0.26
CAMS 214,PE 153,0.24
CAMS 229,CAMS 230,0.49
CAMS 229,CAMS 272,0.44
CAMS 229,CAMS 277,0.35
CAMS 230,CAMS 229,0.49
CAMS 230,CAMS 272,0.32
CAMS 230,CAMS 277,0.22
CAMS 265,CS 347,0.25
CAMS 265,THEA 199,0.21
CAMS 265,MUSC 221,0.20
CAMS 272,CAMS 229,0.44
CAMS 272,CAMS 230,0.32
CAMS 272,CAMS 277,0.29
CAMS 277,CAMS 229,0.35
CAMS 277,CAMS 272,0.29
CAMS 277,ENGL 109,0.23
CCST 208,RUSS 209,0.19
CCST 208,THEA 199,0.19
CCST 208,RUSS 309,0.17
CGSC 130.00,CGSC 330,0.30
CGSC 130.00,PHYS 235,0.21
CGSC 130.00,PSYC 217,0.15
CGSC 330,CGSC 130.00,0.30
CGSC 330,PHIL 210,0.15
CGSC 330,PHIL 202,0.14
CHEM 123,CHEM 224,0.56
CHEM 123,CHEM 348,0.46
CHEM 123,CHEM 351,0.37
CHEM 224,CHEM 123,0.56
CHEM 224,CHEM 348,0.37
CHEM 224,CHEM 351,0.26
CHEM 234,CHEM 349,0.29
CHEM 234,CHEM 352,0.29
CHEM 234,CHEM 123,0.29
CHEM 300.00,SOAN 240,0.39
CHEM 300.00,POSC 230,0.36
CHEM 300.00,THEA 199,0.35
CHEM 348,CHEM 123,0.46
CHEM 348,CHEM 224,0.37
CHEM 348,CHEM 349,0.32
CHEM 349,BIOL 241,0.38
CHEM 349,BIOL 353,0.38
CHEM 349,CHEM 352,0.38
CHEM 351,CHEM 123,0.37
CHEM 351,CHEM 224,0.26
CHEM 351,CHEM 348,0.21
CHEM 352,CHEM 349,0.38
CHEM 352,CHEM 234,0.29
CHEM 352,BIOL 241,0.25
CHEM 362,BIOL 241,0.15
CHEM 362,CHEM 348,0.15
CHEM 362,CHEM 123,0.13
CHEM 400,ARTS 400,0.48
CHEM 400,PHYS 400,0.39
CHEM 400,GEOL 400,0.35
CHIN 103,MUSC 182,0.53
CHIN 103,MUSC 182J,0.53
CHIN 103,MUSC 282,0.53
CHIN 206,JAPN 206,0.47
CHIN 206,MUSC 182,0.45
CHIN 206,MUSC 182J,0.45
CHIN 251,MUSC 182,0.38
CHIN 251,MUSC 182J,0.38
CHIN 251,MUSC 282,0.38
CHIN 358,CHIN 206,0.38
CHIN 358,MUSC 182,0.26
CHIN 358,MUSC 182J,0.26
CLAS 123,CLAS 214,0.19
CLAS 123,ARCN 112,0.18
CLAS 123,ARTS 322,0.17
CLAS 142,GRK 226,0.22
CLAS 142,CLAS 214,0.15
CLAS 142,CLAS 123,0.11
CLAS 214,RELG 221,0.33
CLAS 214,GWSS 110,0.30
CLAS 214,AMST 115,0.20
CLAS 240,HIST 201,0.31
CLAS 240,POSC 160,0.18
CLAS 240,POSC 302,0.16
CS 111,CS 252,0.37
CS 111,CS 257,0.26
CS 111,CS 251,0.24
CS 201,STAT 220,0.26
CS 201,CS 208,0.24
CS 201,CS 202,0.19
CS 202,MATH 236,0.26
CS 202,STAT 220,0.21
CS 202,PHYS 352,0.20
CS 208,CS 201,0.24
CS 208,STAT 220,0.23
CS 208,CS 257,0.20
CS 251,CS 252,0.28
CS 251,CS 111,0.24
CS 251,CS 348,0.21
CS 252,CS 111,0.37
CS 252,STAT 220,0.28
CS 252,CS 251,0.28
CS 254,CS 348,0.18
CS 254,CS 202,0.14
CS 254,MATH 342,0.13
CS 257,CS 111,0.26
CS 257,CS 252,0.21
CS 257,CS 208,0.20
CS 304,POSC 232.01,0.22
CS 304,POSC 302,0.22
CS 304,POSC 230,0.18
CS 311,CS 111,0.18
CS 311,CS 202,0.16
CS 311,THEA 309,0.15
CS 320,EDUC 110,0.17
CS 320,POSC 272,0.15
CS 320,CS 252,0.14
CS 347,THEA 199,0.37
CS 347,STAT 285,0.30
CS 347,PE 156,0.30
CS 348,CS 251,0.21
CS 348,CS 252,0.19
CS 348,CS 254,0.18
CS 361,BIOL 378,0.34
CS 361,PHIL 119,0.19
CS 361,GEOL 230,0.17
DANC 107,PE 156,0.27
DANC 107,DANC 208,0.22
DANC 107,THEA 199,0.22
DANC 148,DANC 279,0.22
DANC 148,THEA 199,0.18
DANC 148,PHYS 142,0.17
DANC 190,DANC 279,0.17
DANC 190,PE 143,0.17
DANC 190,ECON 398,0.14
DANC 200,CHIN 103,0.27
DANC 200,JAPN 103,0.27
DANC 200,DANC 208,0.21
DANC 206,ARTS 400,0.26
DANC 206,SOAN 400,0.24
DANC 206,PE 259,0.19
DANC 208,DANC 309,0.40
DANC 208,DANC 107,0.22
DANC 208,DANC 200,0.21
DANC 279,DANC 148,0.22
DANC 279,DANC 107,0.18
DANC 279,DANC 190,0.17
DANC 309,DANC 208,0.40
DANC 309,DANC 107,0.19
DANC 309,ENGL 370,0.19
DANC 310,THEA 185,0.20
DANC 310,SOAN 240,0.16
DANC 310,POSC 230,0.15
DGAH 398,CAMS 111,0.25
DGAH 398,MUSC 221,0.21
DGAH 398,ARTS 139,0.17
ECON 110,ECON 111,0.48
ECON 110,POSC 201,0.22
ECON 110,ECON 270,0.21
ECON 111,ECON 110,0.48
ECON 111,ECON 270,0.22
ECON 111,CHEM 224,0.19
ECON 265,ECON 110,0.14
ECON 265,POSC 201,0.12
ECON 265,PSYC 200,0.11
ECON 269,POSC 201,0.20
ECON 269,ENGL 295,0.20
ECON 269,THEA 199,0.20
ECON 270,ECON 111,0.22
ECON 270,ECON 110,0.21
ECON 270,PSYC 200,0.20
ECON 274,HIST 229,0.23
ECON 274,PHYS 123,0.22
ECON 274,EDUC 110,0.17
ECON 277,POSC 231,0.20
ECON 277,PSYC 354,0.16
ECON 277,STAT 285,0.15
ECON 280,POSC 120,0.17
ECON 280,POSC 231,0.16
ECON 280,POSC 170,0.14
ECON 330,ECON 331,0.63
ECON 330,SOAN 313,0.14
ECON 330,ECON 270,0.13
ECON 331,ECON 330,0.63
ECON 331,ECON 270,0.17
ECON 331,DANC 200,0.15
ECON 398,SOAN 240,0.37
ECON 398,POSC 230,0.36
ECON 398,CHEM 300.00,0.35
EDUC 110,EDUC 395,0.26
EDUC 110,CS 320,0.17
EDUC 110,AMST 321,0.17
EDUC 242,ENGL 268,0.17
EDUC 242,PE 153,0.15
EDUC 242,PSYC 201,0.15
EDUC 338,THEA 199,0.23
EDUC 338,SOAN 110,0.23
EDUC 338,CAMS 214,0.19
EDUC 385,STAT 285,0.22
EDUC 385,THEA 199,0.22
EDUC 385,PE 153,0.20
EDUC 395,EDUC 110,0.26
EDUC 395,ENGL 295,0.18
EDUC 395,LTAM 398,0.16
ENGL 109,ARBC 206,0.28
ENGL 109,ENGL 370,0.28
ENGL 109,THEA 199,0.26
ENGL 115,ENGL 370,0.28
ENGL 115,SPAN 220,0.21
ENGL 115,FREN 103,0.14
ENGL 160,ENGL 371,0.17
ENGL 160,ENGL 109,0.17
ENGL 160,ENGL 370,0.16
ENGL 202,IDSC 251,0.13
ENGL 202,HIST 229,0.12
ENGL 202,PHIL 219,0.10
ENGL 209,THEA 209,1.00
ENGL 209,THEA 309,0.79
ENGL 209,THEA 190,0.20
ENGL 230,AMST 269,0.13
ENGL 230,PHIL 219,0.13
ENGL 230,ENGL 160,0.10
ENGL 253,LTAM 220,0.28
ENGL 253,ENGL 109,0.20
ENGL 253,ENGL 160,0.15
ENGL 255,LATN 240,0.22
ENGL 255,RUSS 228,0.17
ENGL 255,LING 135,0.15
ENGL 268,EDUC 242,0.17
ENGL 268,JAPN 206,0.14
ENGL 268,PE 153,0.14
ENGL 295,THEA 199,0.41
ENGL 295,STAT 285,0.34
ENGL 295,PHIL 202,0.32
ENGL 338,CLAS 214,0.13
ENGL 338,ARTS 339,0.12
ENGL 338,ENGL 371,0.11
ENGL 370,FREN 103,0.31
ENGL 370,THEA 199,0.29
ENGL 370,ENGL 115,0.28
ENGL 371,THEA 199,0.21
ENGL 371,STAT 285,0.19
ENGL 371,ENGL 109,0.19
ENGL 395.00,GWSS 110,0.14
ENGL 395.00,GERM 221,0.12
ENGL 395.00,HIST 209,0.12
EUST 101.07,ASST 110,0.27
EUST 101.07,HIST 206,0.26
EUST 101.07,EUST 207,0.24
EUST 207,HIST 201,0.24
EUST 207,EUST 101.07,0.24
EUST 207,THEA 199,0.20
FREN 103,SPAN 103,0.84
FREN 103,JAPN 206,0.34
FREN 103,ENGL 370,0.31
FREN 208,FREN 255,0.35
FREN 208,FREN 259,0.32
FREN 208,FREN 359,0.32
FREN 210,SPAN 208,0.43
FREN 210,FREN 245,0.25
FREN 210,FREN 208,0.24
FREN 245,FREN 210,0.25
FREN 245,FREN 255,0.22
FREN 245,FREN 208,0.18
FREN 254,FREN 259,0.26
FREN 254,FREN 359,0.26
FREN 254,FREN 255,0.24
FREN 255,FREN 259,0.43
FREN 255,FREN 359,0.43
FREN 255,FREN 208,0.35
FREN 259,FREN 359,1.00
FREN 259,FREN 255,0.43
FREN 259,FREN 208,0.32
FREN 310,GERM 217,0.18
FREN 310,SOAN 111,0.14
FREN 310,AFST 289,0.14
FREN 359,FREN 359,1.00
FREN 359,FREN 255,0.43
FREN 359,FREN 208,0.32
FREN 400,ARTH 400,0.36
FREN 400,ARTS 400,0.36
FREN 400,CHEM 400,0.33
GEOL 110,GEOL 240,0.19
GEOL 110,GEOL 255,0.16
GEOL 110,PE 153,0.12
GEOL 230,GEOL 255,0.23
GEOL 230,CS 361,0.17
GEOL 230,GEOL 240,0.13
GEOL 240,STAT 220,0.25
GEOL 240,ARTS 122,0.20
GEOL 240,GEOL 110,0.19
GEOL 255,GEOL 230,0.23
GEOL 255,GEOL 240,0.16
GEOL 255,GEOL 110,0.16
GEOL 400,ARTS 400,0.47
GEOL 400,ARTH 400,0.46
GEOL 400,PHYS 400,0.46
GERM 103,LING 135,0.31
GERM 103,FREN 103,0.25
GERM 103,SPAN 103,0.23
GERM 217,ARTH 214,0.26
GERM 217,GWSS 200,0.21
GERM 217,FREN 310,0.18
GERM 221,ARTH 214,0.14
GERM 221,RELG 221,0.13
GERM 221,POSC 120,0.13
GERM 400,CAMS 186,0.24
GERM 400,GERM 103,0.13
GERM 400,BIOC 331,0.11
GRK 102,SPAN 205,0.15
GRK 102,MUSC 179,0.14
GRK 102,MUSC 179J,0.14
GRK 226,CLAS 142,0.22
GRK 226,ENGL 370,0.14
GRK 226,SOAN 110,0.14
GWSS 110,RELG 221,0.31
GWSS 110,CLAS 214,0.30
GWSS 110,AMST 115,0.25
GWSS 200,SOAN 240,0.29
GWSS 200,POSC 230,0.24
GWSS 200,GWSS 110,0.23
GWSS 398.00,ARTH 214,0.22
GWSS 398.00,RELG 221,0.16
GWSS 398.00,GWSS 110,0.16
HEBR 102,ARBC 206,0.22
HEBR 102,JAPN 206,0.20
HEBR 102,RUSS 110,0.17
HIST 111,HIST 298,0.23
HIST 111,HIST 205,0.20
HIST 111,ENGL 295,0.18
HIST 116,ARCN 112,0.27
HIST 116,AMST 321,0.24
HIST 116,HIST 276,0.17
HIST 153,JAPN 343,0.23
HIST 153,THEA 199,0.23
HIST 153,PHIL 202,0.21
HIST 201,CLAS 240,0.31
HIST 201,EUST 207,0.24
HIST 201,EUST 101.07,0.17
HIST 205,LING 110,0.27
HIST 205,HIST 308,0.25
HIST 205,JAPN 343,0.20
HIST 206,EUST 101.07,0.26
HIST 206,THEA 199,0.20
HIST 206,EUST 207,0.19
HIST 209,RELG 121,0.17
HIST 209,GWSS 110,0.17
HIST 209,HIST 298,0.16
HIST 229,ECON 274,0.23
HIST 229,GWSS 110,0.22
HIST 229,RELG 221,0.18
HIST 251,RELG 121,0.23
HIST 251,CAMS 214,0.18
HIST 251,HIST 287,0.17
HIST 265,POSC 322,0.18
HIST 265,RUSS 209,0.18
HIST 265,HIST 298,0.17
HIST 270,PE 146,0.24
HIST 270,POSC 272,0.22
HIST 270,POSC 242,0.22
HIST 276,ARCN 112,0.18
HIST 276,HIST 116,0.17
HIST 276,AFST 289,0.12
HIST 287,ARBC 371,0.26
HIST 287,POSC 230,0.24
HIST 287,BIOC 331,0.22
HIST 298,ARTH 298,0.27
HIST 298,RELG 121,0.26
HIST 298,ARTS 298,0.23
HIST 308,HIST 205,0.25
HIST 308,PHIL 219,0.14
HIST 308,POSC 333,0.14
HIST 347,RELG 261,0.21
HIST 347,POSC 170,0.17
HIST 347,THEA 199,0.14
IDSC 198,IDSC 298,0.58
IDSC 198,IDSC 289,0.30
IDSC 198,PHIL 202,0.25
IDSC 202,IDSC 289,0.26
IDSC 202,ECON 398,0.23
IDSC 202,SOAN 240,0.20
IDSC 238,PSYC 354,0.14
IDSC 238,ECON 110,0.13
IDSC 238,PE 153,0.13
IDSC 251,ARTS 400,0.20
IDSC 251,POSC 272,0.17
IDSC 251,FREN 255,0.16
IDSC 280,MEST 395,0.23
IDSC 280,PHYS 123,0.18
IDSC 280,EDUC 385,0.17
IDSC 289,BIOC 331,0.36
IDSC 289,POSC 230,0.33
IDSC 289,ECON 398,0.32
IDSC 298,IDSC 198,0.58
IDSC 298,THEA 199,0.28
IDSC 298,IDSC 289,0.23
JAPN 103,CHIN 103,0.50
JAPN 103,JAPN 206,0.35
JAPN 103,DANC 200,0.27
JAPN 206,CHIN 206,0.47
JAPN 206,JAPN 103,0.35
JAPN 206,FREN 103,0.34
JAPN 343,HIST 153,0.23
JAPN 343,JAPN 206,0.21
JAPN 343,PHIL 202,0.21
LATN 103,LTAM 398,0.17
LATN 103,FREN 103,0.17
LATN 103,POSC 322,0.14
LATN 240,ENGL 255,0.22
LATN 240,PE 334,0.14
LATN 240,LATN 103,0.14
LING 110,LING 115,0.32
LING 110,HIST 205,0.27
LING 110,POSC 272,0.18
LING 115,LING 110,0.32
LING 115,PE 153,0.19
LING 115,SPAN 205,0.18
LING 135,GERM 103,0.31
LING 135,ARBC 103,0.24
LING 135,SOAN 312,0.22
LING 319,SOAN 240,0.25
LING 319,STAT 220,0.25
LING 319,CS 347,0.22
LTAM 220,ENGL 253,0.28
LTAM 220,SPAN 220,0.14
LTAM 220,POSC 322,0.12
LTAM 398,CHEM 400,0.26
LTAM 398,ARTS 400,0.23
LTAM 398,FREN 400,0.23
LTAM 400,SOAN 400,0.34
LTAM 400,ARTS 400,0.33
LTAM 400,GEOL 400,0.26
MATH 111,MATH 120,0.35
MATH 111,MATH 134,0.20
MATH 111,MATH 210,0.18
MATH 120,MATH 210,0.39
MATH 120,MATH 111,0.35
MATH 120,MATH 232,0.19
MATH 134,MATH 232,0.50
MATH 134,MATH 271,0.24
MATH 134,THEA 199,0.22
MATH 210,MATH 120,0.39
MATH 210,MATH 111,0.18
MATH 210,POSC 201,0.16
MATH 232,MATH 134,0.50
MATH 232,MATH 271,0.27
MATH 232,STAT 120,0.21
MATH 236,CS 202,0.26
MATH 236,STAT 250,0.24
MATH 236,MATH 342,0.23
MATH 241,LING 135,0.21
MATH 241,MATH 341,0.20
MATH 241,HIST 205,0.16
MATH 271,MATH 232,0.27
MATH 271,MATH 134,0.24
MATH 271,STAT 220,0.16
MATH 297,STAT 297,0.94
MATH 297,THEA 199,0.21
MATH 297,FREN 400,0.17
MATH 331,ECON 270,0.19
MATH 331,CHEM 351,0.17
MATH 331,MATH 236,0.16
MATH 341,MATH 241,0.20
MATH 341,PHYS 341,0.19
MATH 341,MATH 342,0.13
MATH 342,MATH 236,0.23
MATH 342,MUSC 195,0.22
MATH 342,PHYS 235,0.17
MATH 400,STAT 400,1.00
MATH 400,ECON 398,0.24
MATH 400,IDSC 289,0.23
MELA 230,RELG 221,0.32
MELA 230,HIST 298,0.19
MELA 230,RELG 121,0.12
MEST 395,IDSC 280,0.23
MEST 395,POSC 242,0.20
MEST 395,RUSS 228F,0.19
MUSC 104,MUSC 204,0.22
MUSC 104,MUSC 250,0.11
MUSC 104,DANC 200,0.11
MUSC 127,MUSC 313,0.22
MUSC 127,MUSC 197,0.20
MUSC 127,MUSC 152,0.20
MUSC 150,MUSC 150J,0.88
MUSC 150,MUSC 250,0.83
MUSC 150,MUSC 250J,0.75
MUSC 150J,MUSC 150,0.88
MUSC 150J,MUSC 250J,0.87
MUSC 150J,MUSC 250,0.71
MUSC 151,MUSC 151J,1.00
MUSC 151,MUSC 251,0.96
MUSC 151,MUSC 251J,0.96
MUSC 151J,MUSC 151J,1.00
MUSC 151J,MUSC 251,0.96
MUSC 151J,MUSC 251J,0.96
MUSC 152,MUSC 152J,1.00
MUSC 152,MUSC 252,0.98
MUSC 152,MUSC 252J,0.98
MUSC 152J,MUSC 152J,1.00
MUSC 152J,MUSC 252,0.98
MUSC 152J,MUSC 252J,0.98
MUSC 153J,MUSC 253J,0.98
MUSC 153J,MUSC 160.01,0.50
MUSC 153J,MUSC 160.02,0.50
MUSC 155,MUSC 155J,1.00
MUSC 155,MUSC 156,1.00
MUSC 155,MUSC 156J,1.00
MUSC 155J,MUSC 155J,1.00
MUSC 155J,MUSC 156,1.00
MUSC 155J,MUSC 156J,1.00
MUSC 156,MUSC 155J,1.00
MUSC 156,MUSC 156,1.00
MUSC 156,MUSC 156J,1.00
MUSC 156J,MUSC 155J,1.00
MUSC 156J,MUSC 156,1.00
MUSC 156J,MUSC 156J,1.00
MUSC 157,MUSC 155J,1.00
MUSC 157,MUSC 156,1.00
MUSC 157,MUSC 156J,1.00
MUSC 157J,MUSC 155J,1.00
MUSC 157J,MUSC 156,1.00
MUSC 157J,MUSC 156J,1.00
MUSC 158,MUSC 158J,1.00
MUSC 158,MUSC 258,1.00
MUSC 158,MUSC 258J,1.00
MUSC 158J,MUSC 158J,1.00
MUSC 158J,MUSC 258,1.00
MUSC 158J,MUSC 258J,1.00
MUSC 159,MUSC 155J,1.00
MUSC 159,MUSC 156,1.00
MUSC 159,MUSC 156J,1.00
MUSC 159J,MUSC 155J,1.00
MUSC 159J,MUSC 156,1.00
MUSC 159J,MUSC 156J,1.00
MUSC 160.01,MUSC 160.02,1.00
MUSC 160.01,MUSC 155,0.91
MUSC 160.01,MUSC 155J,0.91
MUSC 160.02,MUSC 160.02,1.00
MUSC 160.02,MUSC 155,0.91
MUSC 160.02,MUSC 155J,0.91
MUSC 160J.01,MUSC 155J,1.00
MUSC 160J.01,MUSC 156,1.00
MUSC 160J.01,MUSC 156J,1.00
MUSC 160J.02,MUSC 155J,1.00
MUSC 160J.02,MUSC 156,1.00
MUSC 160J.02,MUSC 156J,1.00
MUSC 161,MUSC 155J,1.00
MUSC 161,MUSC 156,1.00
MUSC 161,MUSC 156J,1.00
MUSC 161J,MUSC 155J,1.00
MUSC 161J,MUSC 156,1.00
MUSC 161J,MUSC 156J,1.00
MUSC 162,MUSC 155J,1.00
MUSC 162,MUSC 156,1.00
MUSC 162,MUSC 156J,1.00
MUSC 162J,MUSC 155J,1.00
MUSC 162J,MUSC 156,1.00
MUSC 162J,MUSC 156J,1.00
MUSC 163,MUSC 155J,1.00
MUSC 163,MUSC 156,1.00
MUSC 163,MUSC 156J,1.00
MUSC 163J,MUSC 155J,1.00
MUSC 163J,MUSC 156,1.00
MUSC 163J,MUSC 156J,1.00
MUSC 164,MUSC 155J,1.00
MUSC 164,MUSC 156,1.00
MUSC 164,MUSC 156J,1.00
MUSC 164J,MUSC 155J,1.00
MUSC 164J,MUSC 156,1.00
MUSC 164J,MUSC 156J,1.00
MUSC 166.01,MUSC 155J,1.00
MUSC 166.01,MUSC 156,1.00
MUSC 166.01,MUSC 156J,1.00
MUSC 166.02,MUSC 155J,1.00
MUSC 166.02,MUSC 156,1.00
MUSC 166.02,MUSC 156J,1.00
MUSC 166J.01,MUSC 155J,1.00
MUSC 166J.01,MUSC 156,1.00
MUSC 166J.01,MUSC 156J,1.00
MUSC 166J.02,MUSC 155J,1.00
MUSC 166J.02,MUSC 156,1.00
MUSC 166J.02,MUSC 156J,1.00
MUSC 167,MUSC 155J,1.00
MUSC 167,MUSC 156,1.00
MUSC 167,MUSC 156J,1.00
MUSC 167J,MUSC 155J,1.00
MUSC 167J,MUSC 156,1.00
MUSC 167J,MUSC 156J,1.00
MUSC 169,MUSC 169J,1.00
MUSC 169,MUSC 155,0.55
MUSC 169,MUSC 155J,0.55
MUSC 169J,MUSC 169J,1.00
MUSC 169J,MUSC 155,0.55
MUSC 169J,MUSC 155J,0.55
MUSC 170,MUSC 155J,1.00
MUSC 170,MUSC 156,1.00
MUSC 170,MUSC 156J,1.00
MUSC 170J,MUSC 155J,1.00
MUSC 170J,MUSC 156,1.00
MUSC 170J,MUSC 156J,1.00
MUSC 171,MUSC 171J,1.00
MUSC 171,MUSC 271,0.90
MUSC 171,MUSC 271J,0.90
MUSC 171J,MUSC 171J,1.00
MUSC 171J,MUSC 271,0.90
MUSC 171J,MUSC 271J,0.90
MUSC 172,MUSC 172J,1.00
MUSC 172,MUSC 272,0.78
MUSC 172,MUSC 272J,0.78
MUSC 172J,MUSC 172J,1.00
MUSC 172J,MUSC 272,0.78
MUSC 172J,MUSC 272J,0.78
MUSC 174,MUSC 174J,1.00
MUSC 174,MUSC 274,1.00
MUSC 174,MUSC 160.01,0.58
MUSC 174J,MUSC 174J,1.00
MUSC 174J,MUSC 274,1.00
MUSC 174J,MUSC 160.01,0.58
MUSC 175,MUSC 175J,1.00
MUSC 175,MUSC 275,0.96
MUSC 175,MUSC 275J,0.96
MUSC 175J,MUSC 175J,1.00
MUSC 175J,MUSC 275,0.96
MUSC 175J,MUSC 275J,0.96
MUSC 176,MUSC 176J,1.00
MUSC 176,MUSC 276,1.00
MUSC 176,MUSC 276J,1.00
MUSC 176J,MUSC 176J,1.00
MUSC 176J,MUSC 276,1.00
MUSC 176J,MUSC 276J,1.00
MUSC 177,MUSC 277J,1.00
MUSC 177,MUSC 177,1.00
MUSC 177,MUSC 177J,1.00
MUSC 177J,MUSC 277J,1.00
MUSC 177J,MUSC 177,1.00
MUSC 177J,MUSC 177J,1.00
MUSC 178,MUSC 278J,1.00
MUSC 178,MUSC 178,1.00
MUSC 178,MUSC 178J,1.00
MUSC 178J,MUSC 278J,1.00
MUSC 178J,MUSC 178,1.00
MUSC 178J,MUSC 178J,1.00
MUSC 179,MUSC 179J,1.00
MUSC 179,MUSC 279,0.98
MUSC 179,MUSC 279J,0.98
MUSC 179J,MUSC 179J,1.00
MUSC 179J,MUSC 279,0.98
MUSC 179J,MUSC 279J,0.98
MUSC 180,MUSC 180J,1.00
MUSC 180,MUSC 280,1.00
MUSC 180,MUSC 280J,1.00
MUSC 180J,MUSC 180J,1.00
MUSC 180J,MUSC 280,1.00
MUSC 180J,MUSC 280J,1.00
MUSC 181,MUSC 181J,1.00
MUSC 181,MUSC 281,1.00
MUSC 181,MUSC 281J,1.00
MUSC 181J,MUSC 181J,1.00
MUSC 181J,MUSC 281,1.00
MUSC 181J,MUSC 281J,1.00
MUSC 182,MUSC 182J,1.00
MUSC 182,MUSC 282,1.00
MUSC 182,MUSC 282J,1.00
MUSC 182J,MUSC 182J,1.00
MUSC 182J,MUSC 282,1.00
MUSC 182J,MUSC 282J,1.00
MUSC 184,MUSC 284J,1.00
MUSC 184,MUSC 184,1.00
MUSC 184,MUSC 184J,0.99
MUSC 184J,MUSC 184,0.99
MUSC 184J,MUSC 284,0.99
MUSC 184J,MUSC 284J,0.99
MUSC 185,MUSC 186,0.39
MUSC 185,MUSC 189,0.21
MUSC 185,MUSC 299,0.17
MUSC 186,MUSC 185,0.39
MUSC 186,MUSC 188,0.25
MUSC 186,MUSC 152,0.24
MUSC 187,MUSC 189,0.23
MUSC 187,PHIL 202,0.18
MUSC 187,THEA 190,0.16
MUSC 188,MUSC 192,0.48
MUSC 188,MUSC 182,0.30
MUSC 188,MUSC 182J,0.30
MUSC 189,MUSC 187,0.23
MUSC 189,MUSC 185,0.21
MUSC 189,MUSC 186,0.18
MUSC 190,MUSC 186,0.21
MUSC 190,MUSC 188,0.16
MUSC 190,MUSC 187,0.15
MUSC 192,MUSC 188,0.48
MUSC 192,MUSC 186,0.15
MUSC 192,MUSC 204,0.14
MUSC 194,MUSC 195,0.76
MUSC 194,MUSC 152,0.31
MUSC 194,MUSC 152J,0.31
MUSC 195,MUSC 194,0.76
MUSC 195,THEA 190,0.34
MUSC 195,ARBC 223,0.28
MUSC 196,MUSC 175,0.22
MUSC 196,MUSC 175J,0.22
MUSC 196,MUSC 275,0.21
MUSC 197,MUSC 160.01,0.59
MUSC 197,MUSC 160.02,0.59
MUSC 197,MUSC 152,0.59
MUSC 204,MUSC 188,0.30
MUSC 204,MUSC 250,0.24
MUSC 204,ARBC 222,0.24
MUSC 217,MUSC 313,0.22
MUSC 217,MUSC 194,0.19
MUSC 217,MUSC 197,0.18
MUSC 221,ARTS 139,0.23
MUSC 221,MUSC 153J,0.21
MUSC 221,CAMS 111,0.21
MUSC 227,PSYC 216,0.24
MUSC 227,PSYC 256,0.21
MUSC 227,PSYC 220,0.21
MUSC 250,MUSC 250J,0.86
MUSC 250,MUSC 150,0.83
MUSC 250,MUSC 150J,0.71
MUSC 250J,MUSC 150J,0.87
MUSC 250J,MUSC 250,0.86
MUSC 250J,MUSC 150,0.75
MUSC 251,MUSC 251,1.00
MUSC 251,MUSC 151,0.96
MUSC 251,MUSC 151J,0.96
MUSC 251J,MUSC 251J,1.00
MUSC 251J,MUSC 151,0.96
MUSC 251J,MUSC 151J,0.96
MUSC 252,MUSC 252J,1.00
MUSC 252,MUSC 152,0.98
MUSC 252,MUSC 152J,0.98
MUSC 252J,MUSC 252J,1.00
MUSC 252J,MUSC 152,0.98
MUSC 252J,MUSC 152J,0.98
MUSC 253J,MUSC 153J,0.98
MUSC 253J,MUSC 272,0.46
MUSC 253J,MUSC 272J,0.46
MUSC 255,MUSC 155J,1.00
MUSC 255,MUSC 156,1.00
MUSC 255,MUSC 156J,1.00
MUSC 255J,MUSC 155J,1.00
MUSC 255J,MUSC 156,1.00
MUSC 255J,MUSC 156J,1.00
MUSC 256,MUSC 155J,1.00
MUSC 256,MUSC 156,1.00
MUSC 256,MUSC 156J,1.00
MUSC 256J,MUSC 155J,1.00
MUSC 256J,MUSC 156,1.00
MUSC 256J,MUSC 156J,1.00
MUSC 257,MUSC 155J,1.00
MUSC 257,MUSC 156,1.00
MUSC 257,MUSC 156J,1.00
MUSC 257J,MUSC 155J,1.00
MUSC 257J,MUSC 156,1.00
MUSC 257J,MUSC 156J,1.00
MUSC 258,MUSC 258J,1.00
MUSC 258,MUSC 158,1.00
MUSC 258,MUSC 158J,1.00
MUSC 258J,MUSC 258J,1.00
MUSC 258J,MUSC 158,1.00
MUSC 258J,MUSC 158J,1.00
MUSC 259,MUSC 155J,1.00
MUSC 259,MUSC 156,1.00
MUSC 259,MUSC 156J,1.00
MUSC 259J,MUSC 155J,1.00
MUSC 259J,MUSC 156,1.00
MUSC 259J,MUSC 156J,1.00
MUSC 260.01,MUSC 155J,1.00
MUSC 260.01,MUSC 156,1.00
MUSC 260.01,MUSC 156J,1.00
MUSC 260.02,MUSC 155J,1.00
MUSC 260.02,MUSC 156,1.00
MUSC 260.02,MUSC 156J,1.00
MUSC 260J.01,MUSC 155J,1.00
MUSC 260J.01,MUSC 156,1.00
MUSC 260J.01,MUSC 156J,1.00
MUSC 260J.02,MUSC 155J,1.00
MUSC 260J.02,MUSC 156,1.00
MUSC 260J.02,MUSC 156J,1.00
MUSC 261,MUSC 155J,1.00
MUSC 261,MUSC 156,1.00
MUSC 261,MUSC 156J,1.00
MUSC 261J,MUSC 155J,1.00
MUSC 261J,MUSC 156,1.00
MUSC 261J,MUSC 156J,1.00
MUSC 262,MUSC 155J,1.00
MUSC 262,MUSC 156,1.00
MUSC 262,MUSC 156J,1.00
MUSC 262J,MUSC 155J,1.00
MUSC 262J,MUSC 156,1.00
MUSC 262J,MUSC 156J,1.00
MUSC 263,MUSC 155J,1.00
MUSC 263,MUSC 156,1.00
MUSC 263,MUSC 156J,1.00
MUSC 263J,MUSC 155J,1.00
MUSC 263J,MUSC 156,1.00
MUSC 263J,MUSC 156J,1.00
MUSC 264,MUSC 155J,1.00
MUSC 264,MUSC 156,1.00
MUSC 264,MUSC 156J,1.00
MUSC 264J,MUSC 155J,1.00
MUSC 264J,MUSC 156,1.00
MUSC 264J,MUSC 156J,1.00
MUSC 266.01,MUSC 155J,1.00
MUSC 266.01,MUSC 156,1.00
MUSC 266.01,MUSC 156J,1.00
MUSC 266.02,MUSC 155J,1.00
MUSC 266.02,MUSC 156,1.00
MUSC 266.02,MUSC 156J,1.00
MUSC 266J.01,MUSC 155J,1.00
MUSC 266J.01,MUSC 156,1.00
MUSC 266J.01,MUSC 156J,1.00
MUSC 266J.02,MUSC 155J,1.00
MUSC 266J.02,MUSC 156,1.00
MUSC 266J.02,MUSC 156J,1.00
MUSC 267,MUSC 155J,1.00
MUSC 267,MUSC 156,1.00
MUSC 267,MUSC 156J,1.00
MUSC 267J,MUSC 155J,1.00
MUSC 267J,MUSC 156,1.00
MUSC 267J,MUSC 156J,1.00
MUSC 269,MUSC 155J,1.00
MUSC 269,MUSC 156,1.00
MUSC 269,MUSC 156J,1.00
MUSC 269J,MUSC 155J,1.00
MUSC 269J,MUSC 156,1.00
MUSC 269J,MUSC 156J,1.00
MUSC 270,MUSC 155J,1.00
MUSC 270,MUSC 156,1.00
MUSC 270,MUSC 156J,1.00
MUSC 270J,MUSC 155J,1.00
MUSC 270J,MUSC 156,1.00
MUSC 270J,MUSC 156J,1.00
MUSC 271,MUSC 271J,1.00
MUSC 271,MUSC 171,0.90
MUSC 271,MUSC 171J,0.90
MUSC 271J,MUSC 271J,1.00
MUSC 271J,MUSC 171,0.90
MUSC 271J,MUSC 171J,0.90
MUSC 272,MUSC 272J,1.00
MUSC 272,MUSC 172,0.78
MUSC 272,MUSC 172J,0.78
MUSC 272J,MUSC 272J,1.00
MUSC 272J,MUSC 172,0.78
MUSC 272J,MUSC 172J,0.78
MUSC 274,MUSC 174J,1.00
MUSC 274,MUSC 274,1.00
MUSC 274,MUSC 160.01,0.58
MUSC 275,MUSC 275J,1.00
MUSC 275,MUSC 175,0.96
MUSC 275,MUSC 175J,0.96
MUSC 275J,MUSC 275J,1.00
MUSC 275J,MUSC 175,0.96
MUSC 275J,MUSC 175J,0.96
MUSC 276,MUSC 276J,1.00
MUSC 276,MUSC 176,1.00
MUSC 276,MUSC 176J,1.00
MUSC 276J,MUSC 276J,1.00
MUSC 276J,MUSC 176,1.00
MUSC 276J,MUSC 176J,1.00
MUSC 277,MUSC 177J,1.00
MUSC 277,MUSC 277,1.00
MUSC 277,MUSC 277J,1.00
MUSC 277J,MUSC 177J,1.00
MUSC 277J,MUSC 277,1.00
MUSC 277J,MUSC 277J,1.00
MUSC 278,MUSC 178J,1.00
MUSC 278,MUSC 278J,1.00
MUSC 278,MUSC 278,1.00
MUSC 278J,MUSC 178J,1.00
MUSC 278J,MUSC 278,1.00
MUSC 278J,MUSC 278J,1.00
MUSC 279,MUSC 279J,1.00
MUSC 279,MUSC 179,0.98
MUSC 279,MUSC 179J,0.98
MUSC 279J,MUSC 279J,1.00
MUSC 279J,MUSC 179,0.98
MUSC 279J,MUSC 179J,0.98
MUSC 280,MUSC 180J,1.00
MUSC 280,MUSC 280,1.00
MUSC 280,MUSC 280J,1.00
MUSC 280J,MUSC 180J,1.00
MUSC 280J,MUSC 280,1.00
MUSC 280J,MUSC 280J,1.00
MUSC 281,MUSC 281J,1.00
MUSC 281,MUSC 181,1.00
MUSC 281,MUSC 181J,1.00
MUSC 281J,MUSC 281J,1.00
MUSC 281J,MUSC 181,1.00
MUSC 281J,MUSC 181J,1.00
MUSC 282,MUSC 182J,1.00
MUSC 282,MUSC 282,1.00
MUSC 282,MUSC 282J,1.00
MUSC 282J,MUSC 182J,1.00
MUSC 282J,MUSC 282,1.00
MUSC 282J,MUSC 282J,1.00
MUSC 284,MUSC 284,1.00
MUSC 284,MUSC 284J,1.00
MUSC 284,MUSC 184J,0.99
MUSC 284J,MUSC 284,1.00
MUSC 284J,MUSC 284J,1.00
MUSC 284J,MUSC 184J,0.99
MUSC 299,MUSC 160.01,0.47
MUSC 299,MUSC 160.02,0.47
MUSC 299,MUSC 155,0.41
MUSC 313,PE 143,0.26
MUSC 313,MUSC 188,0.26
MUSC 313,MUSC 197,0.26
NEUR 238,NEUR 239,0.21
NEUR 238,PSYC 110,0.19
NEUR 238,PSYC 217,0.18
NEUR 239,BIOC 311,0.36
NEUR 239,CHEM 300.00,0.34
NEUR 239,PE 102,0.28
NEUR 395,PE 102,0.17
NEUR 395,CGSC 130.00,0.12
NEUR 395,PHYS 342,0.11
PE 101,MUSC 152,0.14
PE 101,MUSC 152J,0.14
PE 101,MUSC 171,0.14
PE 102,PHYS 342,0.36
PE 102,PE 104,0.30
PE 102,PE 197,0.28
PE 103,PE 104,0.15
PE 103,ARTH 298,0.13
PE 103,JAPN 206,0.12
PE 104,PE 102,0.30
PE 104,THEA 110,0.16
PE 104,PE 103,0.15
PE 120,THEA 199,0.29
PE 120,STAT 285,0.27
PE 120,PHIL 202,0.24
PE 122,THEA 199,0.26
PE 122,ARBC 206,0.25
PE 122,PE 156,0.25
PE 124,PE 156,0.23
PE 124,ENGL 370,0.21
PE 124,PE 122,0.20
PE 129,PE 156,0.23
PE 129,PE 190.00,0.14
PE 129,MUSC 272,0.14
PE 130,PE 188,0.21
PE 130,PE 293,0.21
PE 130,PE 153,0.18
PE 138,PE 102,0.18
PE 138,PE 143,0.16
PE 138,THEA 110,0.15
PE 140,THEA 185,0.14
PE 140,PHYS 145,0.13
PE 140,PHYS 142,0.13
PE 142,PE 102,0.12
PE 142,ARTS 322,0.10
PE 142,ARTH 298,0.10
PE 143,PE 156,0.30
PE 143,PE 153,0.27
PE 143,MUSC 313,0.26
PE 146,HIST 270,0.24
PE 146,PE 153,0.23
PE 146,PE 172,0.20
PE 153,THEA 199,0.40
PE 153,STAT 285,0.38
PE 153,PE 156,0.33
PE 156,THEA 199,0.42
PE 156,STAT 285,0.38
PE 156,PE 153,0.33
PE 158,STAT 285,0.21
PE 158,PE 156,0.21
PE 158,THEA 199,0.18
PE 163,PE 227,0.17
PE 163,PE 334,0.14
PE 163,DANC 190,0.12
PE 172,PE 146,0.20
PE 172,PE 188,0.17
PE 172,THEA 199,0.15
PE 180,PE 190.00,0.34
PE 180,PE 188,0.24
PE 180,PE 259,0.18
PE 181,PE 284,0.14
PE 181,MATH 111,0.12
PE 181,LATN 103,0.10
PE 188,THEA 199,0.30
PE 188,PE 180,0.24
PE 188,STAT 285,0.21
PE 190.00,PE 180,0.34
PE 190.00,PE 143,0.16
PE 190.00,PE 129,0.14
PE 194,THEA 199,0.31
PE 194,STAT 285,0.28
PE 194,PE 156,0.23
PE 197,PE 198,0.85
PE 197,PE 102,0.28
PE 197,NEUR 239,0.21
PE 198,PE 197,0.85
PE 198,PE 102,0.23
PE 198,ASTR 113,0.20
PE 205,PE 284,0.18
PE 205,IDSC 198,0.17
PE 205,PE 143,0.17
PE 210,PE 271,1.00
PE 210,PE 282,1.00
PE 210,PE 283,1.00
PE 227,PE 228,0.51
PE 227,PE 293,0.40
PE 227,PE 258,0.35
PE 228,PE 227,0.51
PE 228,PE 293,0.33
PE 228,PE 284,0.31
PE 258,PE 259,0.44
PE 258,PE 227,0.35
PE 258,PE 293,0.33
PE 259,PE 258,0.44
PE 259,PE 284,0.31
PE 259,PHYS 400,0.28
PE 271,PE 271,1.00
PE 271,PE 282,1.00
PE 271,PE 283,1.00
PE 282,PE 271,1.00
PE 282,PE 282,1.00
PE 282,PE 283,1.00
PE 283,PE 271,1.00
PE 283,PE 282,1.00
PE 283,PE 283,1.00
PE 284,PE 293,0.40
PE 284,PE 258,0.33
PE 284,PE 259,0.31
PE 288,PE 271,1.00
PE 288,PE 282,1.00
PE 288,PE 283,1.00
PE 289,PE 271,1.00
PE 289,PE 282,1.00
PE 289,PE 283,1.00
PE 293,PE 284,0.40
PE 293,PE 227,0.40
PE 293,PE 210,0.39
PE 316,MUSC 192,0.14
PE 316,THEA 185,0.11
PE 316,PE 172,0.10
PE 334,THEA 199,0.16
PE 334,PE 156,0.16
PE 334,LATN 240,0.14
PE 350,PE 143,0.22
PE 350,PE 156,0.21
PE 350,MUSC 171,0.16
PHIL 119,BIOL 378,0.29
PHIL 119,CS 361,0.19
PHIL 119,PHIL 270,0.13
PHIL 124,PE 143,0.11
PHIL 124,PE 153,0.11
PHIL 124,HIST 209,0.10
PHIL 202,THEA 199,0.45
PHIL 202,STAT 285,0.34
PHIL 202,ENGL 295,0.32
PHIL 209,HIST 209,0.09
PHIL 209,GWSS 200,0.08
PHIL 209,CLAS 214,0.08
PHIL 210,CS 202,0.19
PHIL 210,MATH 134,0.15
PHIL 210,CS 201,0.15
PHIL 219,AMST 115,0.23
PHIL 219,POSC 231,0.19
PHIL 219,AMST 269,0.16
PHIL 270,BIOL 378,0.22
PHIL 270,POSC 160,0.19
PHIL 270,RUSS 267,0.13
PHIL 289,RUSS 267,0.19
PHIL 289,THEA 199,0.13
PHIL 289,PE 143,0.12
PHIL 400,ARTS 400,0.22
PHIL 400,SOAN 400,0.21
PHIL 400,MATH 400,0.18
PHYS 123,ECON 274,0.22
PHYS 123,ARTS 139,0.20
PHYS 123,ARTS 339,0.20
PHYS 142,PHYS 145,0.40
PHYS 142,THEA 199,0.23
PHYS 142,CHEM 300.00,0.21
PHYS 145,PHYS 142,0.40
PHYS 145,SOAN 110,0.18
PHYS 145,POSC 272,0.18
PHYS 233,PHYS 233,1.00
PHYS 233,ECON 110,0.14
PHYS 233,PHYS 234,0.12
PHYS 234,STAT 120,0.15
PHYS 234,PHYS 342,0.15
PHYS 234,ASLN 111,0.15
PHYS 235,PHYS 352,0.23
PHYS 235,CGSC 130.00,0.21
PHYS 235,MATH 342,0.17
PHYS 341,MATH 341,0.19
PHYS 341,PHYS 233,0.11
PHYS 341,ASTR 233,0.11
PHYS 342,PE 102,0.36
PHYS 342,NEUR 239,0.26
PHYS 342,ASTR 113,0.24
PHYS 352,PHYS 235,0.23
PHYS 352,CS 202,0.20
PHYS 352,MATH 236,0.17
PHYS 400,GEOL 400,0.46
PHYS 400,CHEM 400,0.39
PHYS 400,ARTS 400,0.38
POSC 120,POSC 242,0.20
POSC 120,AFST 289,0.19
POSC 120,ECON 280,0.17
POSC 160,PHIL 270,0.19
POSC 160,POSC 302,0.19
POSC 160,CLAS 240,0.18
POSC 170,POSC 201,0.24
POSC 170,RELG 155,0.19
POSC 170,POSC 322,0.19
POSC 201,THEA 199,0.27
POSC 201,CAMS 214,0.26
POSC 201,POSC 170,0.24
POSC 206.00,POSC 272,0.19
POSC 206.00,PE 143,0.14
POSC 206.00,RELG 121,0.13
POSC 230,SOAN 240,0.47
POSC 230,CHEM 300.00,0.36
POSC 230,ECON 398,0.36
POSC 231,ECON 277,0.20
POSC 231,PHIL 219,0.19
POSC 231,HIST 205,0.17
POSC 232.01,CS 304,0.22
POSC 232.01,POSC 302,0.16
POSC 232.01,POSC 230,0.15
POSC 232.02,POSC 230,0.28
POSC 232.02,SPAN 103,0.23
POSC 232.02,THEA 199,0.22
POSC 242,POSC 315,0.22
POSC 242,HIST 270,0.22
POSC 242,POSC 120,0.20
POSC 252,ARBC 206,0.12
POSC 252,AMST 396.00,0.12
POSC 252,POSC 315,0.11
POSC 266,HIST 308,0.13
POSC 266,HIST 206,0.11
POSC 266,SOAN 214,0.10
POSC 272,PE 153,0.25
POSC 272,PSYC 201,0.25
POSC 272,HIST 270,0.22
POSC 302,CS 304,0.22
POSC 302,SOAN 111,0.21
POSC 302,POSC 160,0.19
POSC 315,POSC 242,0.22
POSC 315,POSC 322,0.20
POSC 315,SPAN 263,0.17
POSC 322,POSC 315,0.20
POSC 322,POSC 170,0.19
POSC 322,HIST 265,0.18
POSC 333,HIST 153,0.21
POSC 333,POSC 302,0.17
POSC 333,CHEM 300.00,0.15
POSC 348,FREN 255,0.15
POSC 348,POSC 170,0.12
POSC 348,RUSS 228,0.12
PSYC 110,PSYC 389,0.21
PSYC 110,NEUR 238,0.19
PSYC 110,AMST 396.00,0.14
PSYC 200,POSC 230,0.26
PSYC 200,STAT 220,0.24
PSYC 200,SOAN 240,0.22
PSYC 201,STAT 220,0.26
PSYC 201,POSC 272,0.25
PSYC 201,STAT 285,0.21
PSYC 216,PSYC 217,0.69
PSYC 216,PSYC 256,0.43
PSYC 216,PSYC 220,0.29
PSYC 217,PSYC 216,0.69
PSYC 217,PSYC 256,0.38
PSYC 217,PSYC 220,0.26
PSYC 220,PSYC 216,0.29
PSYC 220,PSYC 217,0.26
PSYC 220,MUSC 227,0.21
PSYC 256,PSYC 216,0.43
PSYC 256,PSYC 217,0.38
PSYC 256,BIOL 241,0.24
PSYC 354,THEA 199,0.25
PSYC 354,PSYC 216,0.23
PSYC 354,STAT 285,0.22
PSYC 382,CS 304,0.17
PSYC 382,PSYC 256,0.15
PSYC 382,POSC 302,0.14
PSYC 389,PSYC 216,0.22
PSYC 389,PSYC 110,0.21
PSYC 389,PSYC 217,0.18
RELG 110,RELG 344,0.25
RELG 110,RELG 265,0.25
RELG 110,RELG 155,0.22
RELG 121,SOAN 228,0.26
RELG 121,HIST 298,0.26
RELG 121,RELG 344,0.24
RELG 155,RELG 110,0.22
RELG 155,BIOL 378,0.21
RELG 155,POSC 170,0.19
RELG 213,RELG 344,0.25
RELG 213,RELG 121,0.20
RELG 213,SOAN 228,0.19
RELG 221,CLAS 214,0.33
RELG 221,MELA 230,0.32
RELG 221,GWSS 110,0.31
RELG 261,AFST 300,0.24
RELG 261,HIST 347,0.21
RELG 261,POSC 322,0.17
RELG 265,RELG 110,0.25
RELG 265,FREN 255,0.21
RELG 265,CLAS 214,0.17
RELG 344,SOAN 228,0.28
RELG 344,RELG 110,0.25
RELG 344,RELG 213,0.25
RUSS 103,RUSS 307,0.28
RUSS 103,RUSS 309,0.16
RUSS 103,SOAN 240,0.10
RUSS 110,RUSS 309,0.45
RUSS 110,RUSS 209,0.41
RUSS 110,RUSS 207,0.36
RUSS 207,RUSS 209,0.68
RUSS 207,RUSS 309,0.60
RUSS 207,RUSS 110,0.36
RUSS 209,RUSS 309,0.71
RUSS 209,RUSS 207,0.68
RUSS 209,RUSS 110,0.41
RUSS 228,FREN 255,0.26
RUSS 228,RUSS 209,0.26
RUSS 228,FREN 259,0.26
RUSS 228F,RUSS 209,0.34
RUSS 228F,RUSS 207,0.30
RUSS 228F,RUSS 309,0.30
RUSS 266,RUSS 267,0.16
RUSS 266,RELG 110,0.13
RUSS 266,BIOC 331,0.13
RUSS 267,HIST 298,0.21
RUSS 267,PHIL 289,0.19
RUSS 267,RUSS 266,0.16
RUSS 307,RUSS 309,0.44
RUSS 307,RUSS 207,0.32
RUSS 307,RUSS 209,0.30
RUSS 309,RUSS 209,0.71
RUSS 309,RUSS 207,0.60
RUSS 309,RUSS 110,0.45
SOAN 110,EDUC 338,0.23
SOAN 110,SOAN 240,0.22
SOAN 110,PHYS 145,0.18
SOAN 111,POSC 302,0.21
SOAN 111,BIOC 331,0.18
SOAN 111,SOAN 240,0.18
SOAN 214,GWSS 110,0.20
SOAN 214,SOAN 312,0.17
SOAN 214,SOAN 323,0.15
SOAN 228,RELG 344,0.28
SOAN 228,RELG 121,0.26
SOAN 228,SOAN 313,0.22
SOAN 240,POSC 230,0.47
SOAN 240,CHEM 300.00,0.39
SOAN 240,ECON 398,0.37
SOAN 262,SOAN 313,0.23
SOAN 262,SOAN 323,0.18
SOAN 262,SOAN 312,0.17
SOAN 312,LING 135,0.22
SOAN 312,SOAN 323,0.19
SOAN 312,SOAN 313,0.19
SOAN 313,SOAN 262,0.23
SOAN 313,SOAN 228,0.22
SOAN 313,SOAN 323,0.20
SOAN 323,SOAN 313,0.20
SOAN 323,SOAN 312,0.19
SOAN 323,SOAN 228,0.18
SOAN 400,ARTS 400,0.46
SOAN 400,PHYS 400,0.37
SOAN 400,LTAM 400,0.34
SPAN 103,FREN 103,0.84
SPAN 103,RUSS 110,0.27
SPAN 103,ENGL 370,0.27
SPAN 205,CHEM 224,0.18
SPAN 205,JAPN 343,0.18
SPAN 205,FREN 103,0.18
SPAN 208,FREN 210,0.43
SPAN 208,RUSS 110,0.18
SPAN 208,POSC 232.02,0.18
SPAN 220,ENGL 370,0.23
SPAN 220,ENGL 115,0.21
SPAN 220,POSC 232.02,0.20
SPAN 263,POSC 272,0.21
SPAN 263,PE 153,0.17
SPAN 263,HIST 270,0.17
SPAN 369,FREN 310,0.13
SPAN 369,LTAM 220,0.12
SPAN 369,ENGL 295,0.11
STAT 120,STAT 220,0.33
STAT 120,STAT 230,0.32
STAT 120,STAT 250,0.28
STAT 220,STAT 120,0.33
STAT 220,STAT 250,0.29
STAT 220,CS 252,0.28
STAT 230,STAT 120,0.32
STAT 230,STAT 250,0.28
STAT 230,STAT 220,0.24
STAT 250,STAT 220,0.29
STAT 250,STAT 120,0.28
STAT 250,STAT 230,0.28
STAT 285,THEA 199,0.51
STAT 285,PE 156,0.38
STAT 285,PE 153,0.38
STAT 297,MATH 297,0.94
STAT 297,THEA 199,0.21
STAT 297,STAT 285,0.19
STAT 320,STAT 220,0.25
STAT 320,STAT 250,0.22
STAT 320,PHYS 342,0.20
STAT 400,STAT 400,1.00
STAT 400,ECON 398,0.24
STAT 400,IDSC 289,0.23
THEA 110,THEA 245,0.27
THEA 110,THEA 199,0.26
THEA 110,ARBC 206,0.25
THEA 185,POSC 272,0.21
THEA 185,PE 197,0.20
THEA 185,DANC 310,0.20
THEA 190,THEA 199,0.41
THEA 190,MUSC 195,0.34
THEA 190,MUSC 194,0.26
THEA 199,STAT 285,0.51
THEA 199,PHIL 202,0.45
THEA 199,PE 156,0.42
THEA 209,THEA 209,1.00
THEA 209,THEA 309,0.79
THEA 209,THEA 190,0.20
THEA 226,THEA 199,0.18
THEA 226,ARTS 139,0.18
THEA 226,ARTS 339,0.16
THEA 245,THEA 199,0.28
THEA 245,THEA 110,0.27
THEA 245,ARTS 122,0.20
THEA 309,ENGL 209,0.79
THEA 309,THEA 209,0.79
THEA 309,THEA 190,0.18
