Similarity,Department_1,Department_2
0.94790035,FREN,SOAN
0.9148719,CLAS,HIST
0.9019556,ASLN,GRK
0.89915854,GRK,SOAN
0.897468,GRK,LATN
0.8949639,CS,STAT
0.8918752,CGSC,PHYS
0.87726605,LATN,SOAN
0.87627983,CAMS,ECON
0.8736817,ASTR,CAMS
0.86999506,AFST,PHYS
0.8646955,PSYC,STAT
0.86431617,ASTR,PHYS
0.86312187,ARCN,HIST
0.86101496,DANC,STAT
0.86000866,PHYS,STAT
0.85973495,ARTH,HIST
0.85698986,CHIN,MATH
0.85634387,PSYC,SPAN
0.85618025,CS,MATH
0.85441554,BIOC,NEUR
0.8540235,ASTR,GEOL
0.85319716,ARBC,SOAN
0.8511401,CHIN,JAPN
0.8475978,ARBC,JAPN
0.8475859,CHIN,ECON
0.844714,BIOC,PHYS
0.84449893,CHIN,RELG
0.844163,ASLN,FREN
0.84359396,ECON,GEOL
0.8421299,CAMS,STAT
0.83995736,AMST,RELG
0.8396528,ARCN,GWSS
0.8389342,ASTR,NEUR
0.83878183,FREN,GRK
0.8368475,MEST,RUSS
0.8363507,EDUC,ENGL
0.8318696,ARBC,PSYC
0.83168674,DANC,NEUR
0.8310099,FREN,LATN
0.830436,LTAM,RELG
0.8279984,CLAS,GERM
0.82558435,ASLN,SOAN
0.82548493,JAPN,PHYS
0.82400423,CAMS,PHYS
0.821634,ASLN,LATN
0.8209876,ASLN,ASTR
0.8199008,CLAS,POSC
0.8196791,GERM,JAPN
0.8173376,BIOL,DANC
0.81728065,GRK,JAPN
0.8172284,ASLN,PHYS
0.81640476,ARCN,CLAS
0.8130763,CHIN,PSYC
0.8123292,CLAS,PSYC
0.81201583,GWSS,RELG
0.81106865,IDSC,SPAN
0.8095609,EUST,MEST
0.80614084,CS,PSYC
0.805366,MATH,PHYS
0.8049619,IDSC,RUSS
0.8049078,ARBC,RUSS
0.8042631,BIOC,GEOL
0.8041549,LTAM,SPAN
0.8033541,EUST,RUSS
0.80334276,LTAM,THEA
0.80325985,DANC,ECON
0.8014853,BIOL,CAMS
0.8012554,IDSC,NEUR
0.8003989,JAPN,RELG
0.7994351,AMST,ASST
0.79914445,GWSS,HIST
0.7975228,ARCN,PSYC
0.7973915,CGSC,MATH
0.7973204,CAMS,NEUR
0.796372,GRK,SPAN
0.796244,CS,PHYS
0.7959331,MATH,SPAN
0.7957381,ENGL,MUSC
0.79550827,CLAS,ENGL
0.79502964,ARBC,LATN
0.7945683,ARTS,CAMS
0.7930068,BIOC,PSYC
0.79289037,EDUC,THEA
0.79174197,GEOL,PHYS
0.7917336,BIOC,STAT
0.7912799,JAPN,LATN
0.79086214,ECON,PHYS
0.7902166,CLAS,GWSS
0.78981173,JAPN,MUSC
0.78939915,ARCN,RELG
0.78925204,ARBC,FREN
0.7892342,PHIL,POSC
0.7868546,ASTR,STAT
0.78674734,HEBR,STAT
0.7856493,CGSC,LATN
0.7847984,DGAH,THEA
0.78436387,AMST,HIST
0.78365785,AFST,IDSC
0.7828713,CGSC,CHEM
0.7815211,ASLN,JAPN
0.78077346,GERM,NEUR
0.7803216,ARBC,CAMS
0.7797542,ASTR,PSYC
0.7796844,LATN,PHYS
0.7794084,HEBR,NEUR
0.77902985,CS,SPAN
0.77895844,AFST,RELG
0.77862173,HEBR,SPAN
0.77854306,ASTR,CS
0.7775686,BIOL,ENGL
0.7771705,LATN,MUSC
0.77655303,EDUC,PHIL
0.77605444,DANC,HEBR
0.77586704,LTAM,PSYC
0.7753402,ASTR,BIOC
0.77489114,ASTR,CHEM
0.7746348,DGAH,RELG
0.7741337,DGAH,PSYC
0.7740112,JAPN,MATH
0.77228683,CHEM,MATH
0.77139705,ENGL,JAPN
0.7708347,ARCN,SPAN
0.77062565,DGAH,NEUR
0.7698293,PHIL,SOAN
0.7694411,ARCN,POSC
0.76917,ARCN,LTAM
0.7690991,FREN,JAPN
0.7690964,LATN,PSYC
0.76850253,MATH,STAT
0.76837164,CHIN,MUSC
0.7673349,ARBC,MUSC
0.76639706,ASTR,MATH
0.7650158,MEST,PHIL
0.76480323,CCST,SOAN
0.7644704,GERM,RELG
0.7640007,GRK,PHYS
0.7624503,DGAH,IDSC
0.7620471,RELG,THEA
0.7617072,POSC,RUSS
0.7615155,CHEM,STAT
0.7615043,ASLN,MATH
0.7609931,BIOC,CS
0.76098037,MATH,RELG
0.760694,CAMS,GEOL
0.76031035,GWSS,PSYC
0.7601816,BIOC,ENGL
0.7601635,ARTS,BIOL
0.75737864,POSC,RELG
0.75655615,BIOC,MATH
0.75573725,LTAM,POSC
0.75504375,AFST,GWSS
0.75470775,DANC,PHYS
0.75461847,HIST,POSC
0.75454944,ARBC,NEUR
0.7539752,MEST,THEA
0.7533266,HEBR,JAPN
0.7533087,DGAH,RUSS
0.7532466,AMST,THEA
0.7525735,GERM,MATH
0.7519074,GEOL,PSYC
0.75158983,ASLN,CGSC
0.75107354,LATN,NEUR
0.7509401,ARCN,ENGL
0.75034803,AMST,CLAS
0.74927247,CAMS,PSYC
0.74911857,BIOL,NEUR
0.7490432,ARTH,POSC
0.74892515,AMST,POSC
0.7487392,CHIN,SOAN
0.7482767,ARBC,ARTS
0.7479264,MATH,PSYC
0.74730724,CLAS,JAPN
0.7470262,LING,POSC
0.7469922,RELG,SOAN
0.7469155,CGSC,GEOL
0.74690014,HIST,PHYS
0.74685085,GERM,PHYS
0.7468284,LATN,POSC
0.7467872,ASTR,THEA
0.74629277,HEBR,IDSC
0.7455341,ARBC,GRK
0.7446973,CGSC,GRK
0.74405885,ASTR,DANC
0.7439913,MELA,RELG
0.7437254,ASTR,ECON
0.74333745,CGSC,JAPN
0.7433196,LING,MATH
0.7425692,CHIN,RUSS
0.7420254,GWSS,POSC
0.7413526,BIOC,CAMS
0.7411929,AMST,PSYC
0.7409886,EUST,IDSC
0.7409518,HEBR,SOAN
0.7405366,ASLN,POSC
0.74047905,BIOC,EDUC
0.7401109,ARBC,POSC
0.7398625,CAMS,DANC
0.7393476,ASLN,ENGL
0.7390593,ARTS,BIOC
0.73811036,OCP,RUSS
0.73702943,GRK,MATH
0.73684406,ARTS,ASTR
0.73632807,PHIL,RUSS
0.73608875,FREN,POSC
0.7348736,BIOL,GEOL
0.7339941,ASLN,BIOL
0.7337568,BIOL,ECON
0.7327701,MATH,NEUR
0.73084944,GRK,POSC
0.73082507,ARCN,PHIL
0.7306798,GWSS,PHYS
0.73057324,CGSC,STAT
0.7296868,DGAH,ECON
0.7288822,LING,PHIL
0.72868687,IDSC,SOAN
0.7285385,HEBR,MATH
0.72779244,CGSC,GERM
0.72756195,AMST,LTAM
0.7273643,AFST,ECON
0.72714907,ASTR,BIOL
0.7267666,CS,SOAN
0.7267505,OCP,PHIL
0.72613275,RUSS,SPAN
0.72604746,DANC,IDSC
0.72587204,IDSC,MEST
0.72443587,ARTS,NEUR
0.7243234,GRK,HEBR
0.72394466,ARBC,ASLN
0.7228333,AFST,SOAN
0.72245026,BIOC,POSC
0.72202116,GERM,LATN
0.7220148,NEUR,PSYC
0.7219837,JAPN,NEUR
0.7209422,CHEM,PSYC
0.72078824,GRK,STAT
0.7204393,AFST,HIST
0.7190485,JAPN,THEA
0.71640724,MELA,POSC
0.7161555,BIOL,CHEM
0.71553844,HEBR,PHYS
0.71533424,DGAH,STAT
0.7135243,CHIN,PHYS
0.71348464,CLAS,MUSC
0.71335506,CCST,SPAN
0.71319175,CLAS,ECON
0.7126911,CHEM,ECON
0.7125999,ARTS,DANC
0.7125508,FREN,SPAN
0.712179,OCP,RELG
0.71116453,MATH,SOAN
0.71083844,CAMS,CHEM
0.710266,PHIL,THEA
0.70994157,DANC,GEOL
0.709554,JAPN,RUSS
0.7095215,AMST,GERM
0.7095199,AMST,SOAN
0.7092798,ARTH,GWSS
0.70851296,ARCN,GERM
0.7084801,LATN,SPAN
0.70791274,ARBC,HEBR
0.7079005,JAPN,SOAN
0.70707655,EDUC,LTAM
0.7069458,ARTS,PHYS
0.70657045,DGAH,MUSC
0.7059286,RUSS,THEA
0.7058309,GWSS,LTAM
0.70465434,DGAH,GEOL
0.7038323,ARBC,PHYS
0.7034012,GEOL,MATH
0.70338964,DGAH,GERM
0.70312357,BIOC,SPAN
0.70283544,IDSC,RELG
0.70282465,GRK,LING
0.7027901,HEBR,RUSS
0.70277995,ASLN,ECON
0.70238453,CHIN,STAT
0.70235336,ASLN,DANC
0.7014912,CLAS,FREN
0.70135444,ARCN,PHYS
0.70104694,BIOC,DANC
0.7003423,AFST,POSC
0.7003162,ARBC,ENGL
0.69991386,CAMS,MATH
0.69945604,ARTS,ECON
0.6993806,MEST,SOAN
0.6986675,CLAS,THEA
0.69860125,CHIN,GERM
0.69808763,ARTH,PSYC
0.69761807,GRK,RUSS
0.6975458,RUSS,SOAN
0.69703424,RUSS,STAT
0.69693524,CGSC,MUSC
0.6968096,GERM,GRK
0.6967773,POSC,SOAN
0.6966506,ARTH,PHYS
0.69663584,BIOL,HIST
0.6960515,AFST,EDUC
0.695968,MEST,MUSC
0.6952437,CHEM,SPAN
0.69515,PHYS,POSC
0.69497925,CHEM,RELG
0.69453716,POSC,PSYC
0.6943561,CHIN,DANC
0.6942158,CLAS,SPAN
0.69406337,AFST,PHIL
0.6936712,MUSC,SPAN
0.6935453,ECON,MATH
0.6934094,AFST,ARTH
0.6933802,ARTS,GEOL
0.69324386,ASTR,SPAN
0.6930719,LATN,RUSS
0.69276047,ASTR,CGSC
0.69205403,CLAS,PHYS
0.69173235,CHEM,PHYS
0.6911156,ARBC,DANC
0.6908746,DANC,POSC
0.6906454,LATN,MATH
0.69036925,BIOC,ECON
0.69021666,GRK,PSYC
0.6900955,LING,SPAN
0.6898879,NEUR,STAT
0.6897492,ASTR,IDSC
0.68963355,CS,NEUR
0.6892607,CHEM,DANC
0.6888278,CGSC,DANC
0.68872076,LATN,RELG
0.68864256,CHIN,GEOL
0.6875199,AMST,GWSS
0.68710124,EDUC,POSC
0.68676007,ARBC,CGSC
0.68661416,ASLN,GEOL
0.6865796,IDSC,PHIL
0.68643963,CAMS,SPAN
0.68600214,GRK,RELG
0.68589944,ASLN,PSYC
0.6852944,ARBC,IDSC
0.68514186,CLAS,RELG
0.68479556,AMST,FREN
0.6846977,CHEM,MUSC
0.6846769,ASLN,CHEM
0.68440646,CS,POSC
0.6840955,IDSC,MUSC
0.6838434,ARCN,FREN
0.683587,AMST,ENGL
0.68320674,CHEM,RUSS
0.68308496,ARCN,LATN
0.6826804,DANC,SPAN
0.68266094,DGAH,EDUC
0.6821537,ECON,STAT
0.6819621,ASLN,STAT
0.6816148,JAPN,POSC
0.6808825,LING,PHYS
0.68015367,JAPN,PSYC
0.6799153,LTAM,PHIL
0.67910206,GRK,IDSC
0.6790851,LATN,STAT
0.6781611,ARTH,ECON
0.67808783,DGAH,PHIL
0.6774837,PHIL,RELG
0.67744255,ASLN,SPAN
0.67728454,CGSC,PSYC
0.6763543,ASLN,PHIL
0.67620736,EUST,THEA
0.67567325,LATN,LING
0.67562616,OCP,POSC
0.67421615,EDUC,RUSS
0.6740678,ARBC,BIOL
0.67386675,IDSC,STAT
0.6735888,LING,RELG
0.6731056,MELA,PSYC
0.67287266,CCST,RUSS
0.67287225,EUST,PHIL
0.6725495,ARTH,SOAN
0.6722954,EDUC,HIST
0.67173064,BIOC,CHEM
0.6716472,EDUC,IDSC
0.67144495,CS,ENGL
0.6712046,PHIL,SPAN
0.67102206,ASTR,GERM
0.6709621,GRK,NEUR
0.6704713,BIOL,GERM
0.67031217,MUSC,RELG
0.67016745,BIOL,EDUC
0.6697338,DGAH,LATN
0.6695192,GERM,RUSS
0.6693845,CAMS,MUSC
0.66908383,BIOL,JAPN
0.66827464,ASTR,POSC
0.66788167,ARCN,ASST
0.66781515,CHEM,HEBR
0.6675183,DGAH,MEST
0.6674911,CGSC,FREN
0.6670359,ASLN,HIST
0.66658443,HEBR,LATN
0.666305,CHIN,FREN
0.6652387,IDSC,LING
0.66423106,ECON,PSYC
0.6635425,MUSC,SOAN
0.66317314,ARTS,MATH
0.6630508,CCST,MATH
0.6628658,CLAS,SOAN
0.6627246,ARBC,THEA
0.6620603,CHIN,POSC
0.66108006,HEBR,PSYC
0.66096336,MATH,MUSC
0.66049665,GRK,MUSC
0.6603398,EDUC,GRK
0.66020375,GEOL,STAT
0.66017705,LTAM,RUSS
0.6594973,FREN,LING
0.6594387,AMST,SPAN
0.65882576,IDSC,JAPN
0.65852046,ASST,PHIL
0.65847594,CGSC,ECON
0.6582419,ASST,MATH
0.6577578,DANC,PSYC
0.6577463,DGAH,ENGL
0.6567077,MEST,SPAN
0.65644896,GEOL,MUSC
0.65588105,BIOC,RUSS
0.65559876,ARBC,ASTR
0.6549173,CS,IDSC
0.6542768,ARCN,JAPN
0.6524987,CHIN,CS
0.6518782,BIOL,THEA
0.6515194,ENGL,SOAN
0.65151715,ASLN,GWSS
0.65145355,ENGL,NEUR
0.6513834,IDSC,PSYC
0.65100884,HEBR,RELG
0.65083987,AMST,ARCN
0.65045714,CS,LING
0.6503992,LATN,MEST
0.65021527,CHEM,ENGL
0.65011346,ENGL,IDSC
0.64919156,ASLN,CHIN
0.6486451,ASST,THEA
0.6477717,SPAN,STAT
0.6474857,CCST,STAT
0.64710224,LTAM,PHYS
0.64686817,CHEM,THEA
0.6468376,CS,ECON
0.64681554,IDSC,THEA
0.6466871,MUSC,PHYS
0.6464343,CGSC,SOAN
0.6463916,LING,STAT
0.64480454,BIOL,DGAH
0.64376885,EDUC,RELG
0.6435614,BIOL,STAT
0.6435247,CHIN,GRK
0.64341813,CGSC,NEUR
0.6433805,ARBC,HIST
0.6430854,GWSS,MELA
0.6428294,LING,RUSS
0.64281905,NEUR,SPAN
0.64252096,CS,PHIL
0.6425106,ENGL,HEBR
0.6422914,HEBR,POSC
0.64194506,ECON,JAPN
0.64160615,ASST,RUSS
0.641256,CCST,CHEM
0.6412526,GERM,IDSC
0.64114225,ASLN,CS
0.6407507,ARTS,STAT
0.6404352,CCST,ENGL
0.64022624,DANC,GRK
0.63972265,LATN,LTAM
0.63962907,ECON,POSC
0.63932145,CAMS,HEBR
0.6391973,ARTS,CS
0.63878953,ARBC,MEST
0.63875276,ASST,CS
0.63849723,ARBC,CHIN
0.6383149,ENGL,PHYS
0.6377166,BIOL,RELG
0.6372026,AMST,RUSS
0.637159,MEST,NEUR
0.63645726,CAMS,IDSC
0.63599116,GEOL,RELG
0.6356359,CHEM,PHIL
0.63559586,ASLN,MUSC
0.6348583,AMST,EDUC
0.63451445,GWSS,SPAN
0.6344937,GEOL,SOAN
0.6344631,CS,EDUC
0.63437337,BIOL,PHYS
0.63426125,IDSC,LATN
0.6338424,CHEM,CHIN
0.63324517,ARCN,CHIN
0.6331971,DANC,MATH
0.6331177,ARTS,CHEM
0.63280565,LING,SOAN
0.63257134,CAMS,RUSS
0.63246554,LING,MUSC
0.6318707,FREN,PHYS
0.6304168,JAPN,PHIL
0.62973,PSYC,SOAN
0.6296945,HEBR,MUSC
0.62952286,GRK,MEST
0.6285714,AMST,ECON
0.62843657,ENGL,RUSS
0.62803364,DGAH,LTAM
0.6277186,GERM,MUSC
0.62720495,ARTS,GERM
0.6268405,EUST,HIST
0.625969,BIOC,BIOL
0.625153,EUST,FREN
0.6247543,ARBC,GEOL
0.6238126,IDSC,PHYS
0.62306684,OCP,PSYC
0.6226116,AFST,ASST
0.6224519,OCP,SPAN
0.62244666,CGSC,LING
0.6222622,ARBC,STAT
0.6219867,CHEM,IDSC
0.6218818,CGSC,CS
0.6206752,CS,GEOL
0.620268,CGSC,THEA
0.62022436,GERM,PSYC
0.61990714,EDUC,SOAN
0.6196508,CCST,RELG
0.61962247,NEUR,PHYS
0.6195603,CGSC,RELG
0.61884606,ARBC,BIOC
0.618232,LTAM,SOAN
0.61801964,CGSC,ENGL
0.61734486,FREN,PSYC
0.6170636,ARTH,RELG
0.61636233,JAPN,LING
0.6163426,MATH,POSC
0.6161462,AFST,PSYC
0.6161099,FREN,MUSC
0.6160079,MATH,THEA
0.61600083,CGSC,SPAN
0.6153391,CCST,PHIL
0.61501455,CHIN,LATN
0.61436266,EDUC,SPAN
0.61434525,MEST,RELG
0.6136274,RELG,SPAN
0.61352706,ARBC,CHEM
0.61313343,MUSC,POSC
0.6129395,ASLN,HEBR
0.61293447,AFST,RUSS
0.6125556,ASLN,LING
0.61248046,ARTH,CLAS
0.6123963,DGAH,FREN
0.6117067,NEUR,SOAN
0.61134714,FREN,RUSS
0.61116356,ASST,IDSC
0.61099863,LTAM,MELA
0.61039,BIOC,SOAN
0.61009413,JAPN,SPAN
0.6100497,FREN,STAT
0.60997546,CHEM,GEOL
0.60976535,GERM,STAT
0.6097503,MUSC,RUSS
0.609502,CHEM,CS
0.60936874,CHIN,PHIL
0.6088967,AFST,MATH
0.60873675,HIST,THEA
0.6086912,DANC,LING
0.6085974,MELA,SPAN
0.6085539,CAMS,CGSC
0.60830146,CAMS,POSC
0.60810894,GERM,SOAN
0.60804707,ARCN,MELA
0.6075148,MUSC,THEA
0.6073181,ARTH,SPAN
0.6065406,ASLN,NEUR
0.60597426,ASTR,LATN
0.6056712,ARBC,ECON
0.60562813,CHIN,EDUC
0.6053595,GRK,HIST
0.60521656,AFST,FREN
0.605187,LING,THEA
0.6049085,ARBC,GERM
0.6045443,AMST,PHYS
0.6040765,FREN,IDSC
0.60391694,ARBC,RELG
0.60326165,ASTR,MUSC
0.60282254,DANC,THEA
0.602537,ASST,CCST
0.6022581,HEBR,THEA
0.60199064,ARTS,PSYC
0.60153663,ARCN,ECON
0.6010773,ARTS,SPAN
0.6009052,ENGL,PHIL
0.600622,ARCN,EDUC
0.6005683,AMST,CAMS
0.60046977,ARTH,GERM
0.6004647,CHIN,HIST
0.6000314,ARCN,LING
0.5992908,ARCN,CGSC
0.5990756,IDSC,MATH
0.59906006,DANC,EDUC
0.59861463,CHEM,GERM
0.59834725,ECON,SOAN
0.5974871,ARBC,DGAH
0.5972846,ASST,GRK
0.5969042,ASTR,JAPN
0.5966169,HIST,RELG
0.5964904,ASST,EDUC
0.59584135,BIOC,IDSC
0.5958059,SPAN,THEA
0.59520876,GERM,SPAN
0.5951576,AMST,MUSC
0.59404325,BIOL,MUSC
0.593342,ASST,POSC
0.59304917,MUSC,PSYC
0.5921325,FREN,MATH
0.5917827,AFST,JAPN
0.5917383,ECON,THEA
0.59056556,BIOL,MATH
0.58989894,FREN,HEBR
0.58980787,CAMS,LATN
0.58924145,CHEM,LATN
0.58914506,EDUC,LING
0.5885676,BIOL,CHIN
0.5885237,ARBC,MATH
0.58831525,ASLN,EDUC
0.5880143,HIST,JAPN
0.5865165,ARCN,RUSS
0.58650917,CHIN,DGAH
0.5858543,ARTS,ENGL
0.5858358,MATH,PHIL
0.5856562,PHYS,PSYC
0.5856284,BIOC,THEA
0.5855974,HIST,PSYC
0.5855831,CAMS,ENGL
0.5852354,AMST,JAPN
0.5851892,ENGL,HIST
0.58459127,CCST,THEA
0.5843863,GERM,HIST
0.5843706,ASST,SOAN
0.5841671,ARBC,SPAN
0.5832159,ECON,SPAN
0.58321357,CAMS,SOAN
0.58280575,DANC,SOAN
0.5827308,ASLN,CAMS
0.5827024,ARCN,BIOL
0.5822833,CCST,CHIN
0.5819045,GWSS,RUSS
0.5817449,HIST,PHIL
0.5805237,BIOC,HEBR
0.58003885,GERM,PHIL
0.5795492,AFST,CLAS
0.5794958,DGAH,HIST
0.57932806,DGAH,JAPN
0.5790082,JAPN,STAT
0.5788303,CLAS,LTAM
0.5785839,CCST,POSC
0.57840085,ENGL,SPAN
0.57766235,AMST,ARTH
0.57756233,CHEM,GRK
0.57709575,LATN,THEA
0.5768423,CCST,FREN
0.576301,GERM,THEA
0.57629514,PHYS,SPAN
0.57616454,SOAN,STAT
0.57589984,ASST,STAT
0.57582873,BIOL,RUSS
0.5752806,AFST,THEA
0.5751532,CAMS,DGAH
0.57508785,ASLN,GERM
0.5748978,ECON,MUSC
0.57470864,MATH,RUSS
0.57451224,POSC,SPAN
0.5743479,CHEM,EDUC
0.57429636,DGAH,MATH
0.5741534,ASTR,RELG
0.57374173,BIOC,HIST
0.5737228,MELA,RUSS
0.57367784,GRK,PHIL
0.5736699,SOAN,SPAN
0.57326317,CLAS,IDSC
0.5730472,CAMS,GERM
0.57271844,AMST,PHIL
0.572385,FREN,MEST
0.5720106,ARBC,LTAM
0.57108074,GRK,THEA
0.569939,ASTR,DGAH
0.5697649,ARCN,SOAN
0.5695004,FREN,GEOL
0.56859666,ASST,ENGL
0.56856894,CGSC,POSC
0.5680701,HEBR,MEST
0.5669748,BIOL,HEBR
0.5667574,CS,JAPN
0.56663275,ECON,RELG
0.56642896,ASLN,BIOC
0.56642205,GRK,GWSS
0.5662956,ASTR,HEBR
0.5654128,LING,OCP
0.5651369,HIST,MATH
0.56483585,NEUR,THEA
0.5634174,CAMS,THEA
0.5627743,BIOL,IDSC
0.56275874,CHEM,POSC
0.56238174,CCST,HIST
0.5616776,DANC,LATN
0.56131476,CHIN,SPAN
0.56119376,CGSC,RUSS
0.5609847,CHEM,DGAH
0.5608874,ASTR,GRK
0.5600456,ASST,CAMS
0.5595492,CGSC,IDSC
0.55861473,CCST,PSYC
0.55835414,HEBR,PHIL
0.55780375,ASLN,THEA
0.55739135,ARTH,ASST
0.5567309,PHYS,THEA
0.5564196,HIST,MELA
0.55622065,ARCN,THEA
0.5561411,CAMS,JAPN
0.55593956,ASST,SPAN
0.55566037,AFST,AMST
0.55528104,ASTR,ENGL
0.55499977,FREN,HIST
0.55477935,DGAH,PHYS
0.5542021,ASST,PSYC
0.55418926,EDUC,FREN
0.5540965,CLAS,MELA
0.55407864,CHEM,JAPN
0.55404735,AFST,CHIN
0.55329347,GERM,HEBR
0.5521964,MUSC,NEUR
0.5516339,CAMS,GRK
0.55102575,ENGL,MEST
0.55064714,AFST,CS
0.5503813,NEUR,POSC
0.54974794,ASTR,SOAN
0.5489052,ARTH,CS
0.54889023,HEBR,HIST
0.5482596,CAMS,CS
0.54820395,CHIN,LTAM
0.5479384,GWSS,PHIL
0.5478112,DANC,ENGL
0.54745734,ARBC,EUST
0.54742575,DANC,JAPN
0.5472793,CHIN,HEBR
0.54702896,ENGL,POSC
0.5466631,DGAH,HEBR
0.54649746,CCST,DANC
0.5463511,DGAH,SPAN
0.54629695,GEOL,IDSC
0.54624295,ENGL,FREN
0.54511255,BIOC,RELG
0.5444932,GWSS,JAPN
0.54413456,GWSS,IDSC
0.5438653,LING,PSYC
0.5436528,DGAH,SOAN
0.54359776,ASST,RELG
0.54230875,ARTH,ENGL
0.54216796,ARTH,EDUC
0.54136336,BIOL,FREN
0.54134184,ARCN,ASLN
0.5411541,GEOL,THEA
0.5403385,CHEM,LING
0.540321,GEOL,SPAN
0.53964794,EDUC,OCP
0.53897023,ARCN,ASTR
0.5388197,ENGL,GRK
0.53825283,CLAS,PHIL
0.53793323,EUST,MUSC
0.5375482,CHEM,SOAN
0.537233,EDUC,PHYS
0.5372008,DGAH,EUST
0.53679097,CLAS,LATN
0.5358377,HIST,RUSS
0.53489125,DANC,MUSC
0.5348159,BIOL,POSC
0.53467983,CCST,IDSC
0.53392285,LATN,PHIL
0.53355545,ECON,GERM
0.53256667,PHYS,RELG
0.5321995,CAMS,EDUC
0.53211015,ASST,PHYS
0.5308727,AFST,ARCN
0.53075534,ASST,DANC
0.53045493,ARCN,CS
0.5299164,EUST,RELG
0.52975094,GEOL,PHIL
0.5297362,CHIN,NEUR
0.5296215,HIST,STAT
0.5294443,AMST,EUST
0.5281957,CHIN,THEA
0.52813077,HEBR,LTAM
0.52811056,ARTS,IDSC
0.5277859,AFST,LTAM
0.5277161,ECON,NEUR
0.52729774,GWSS,SOAN
0.5271254,DANC,HIST
0.5267985,ARTH,MELA
0.52670324,LTAM,OCP
0.5267005,HIST,IDSC
0.5263246,MEST,PHYS
0.5258577,FREN,NEUR
0.5253025,JAPN,MEST
0.5251617,BIOL,EUST
0.5245778,BIOL,PSYC
0.5243988,FREN,GERM
0.5231163,ARTS,DGAH
0.52265745,HIST,LTAM
0.52109927,DANC,RUSS
0.5207321,ARTS,EDUC
0.52007556,CHIN,ENGL
0.5200234,DGAH,GRK
0.5200035,CAMS,RELG
0.5198062,ARCN,EUST
0.5194434,ARCN,MUSC
0.51932687,MELA,PHIL
0.51910025,GRK,LTAM
0.51896966,BIOL,MEST
0.5186732,AFST,GEOL
0.5181835,BIOC,PHIL
0.5181819,FREN,RELG
0.51810926,ASST,JAPN
0.51807004,ENGL,EUST
0.51708907,HIST,NEUR
0.5167404,ARCN,CAMS
0.51663595,CLAS,DANC
0.516533,OCP,SOAN
0.51649386,AFST,CAMS
0.5161901,ARTH,FREN
0.51561743,ECON,ENGL
0.5155494,GWSS,LING
0.5153233,JAPN,LTAM
0.51514864,CGSC,DGAH
0.5147278,OCP,PHYS
0.5143318,ARCN,GRK
0.5140504,ARBC,CS
0.5135939,ENGL,PSYC
0.51341504,CHIN,IDSC
0.51295036,AFST,SPAN
0.51236695,ASST,FREN
0.5121494,ARTH,PHIL
0.5119789,CHEM,LTAM
0.51188636,ARTH,CAMS
0.51164633,ASTR,RUSS
0.51110363,ARTS,MUSC
0.5110464,ARTH,JAPN
0.5106553,GEOL,HIST
0.51049024,ARBC,ASST
0.51017547,ASTR,EDUC
0.50969595,CCST,GRK
0.5094647,CCST,GERM
0.509099,CGSC,CHIN
0.50898045,ECON,EDUC
0.5086194,EDUC,MUSC
0.5086155,IDSC,POSC
0.5081564,AFST,DANC
0.50801796,GEOL,RUSS
0.5079001,ASLN,IDSC
0.5078549,AMST,DANC
0.5078315,BIOC,LING
0.5071342,ARTH,MATH
0.506801,CS,FREN
0.5061058,GERM,MEST
0.50589585,ECON,HIST
0.5055718,ASLN,CLAS
0.5053217,CCST,LATN
0.50433487,FREN,LTAM
0.5037379,ARTH,DANC
0.50355726,CCST,CS
0.50344855,BIOC,JAPN
0.5032078,EUST,NEUR
0.50279725,ARTH,RUSS
0.50261134,CLAS,RUSS
0.50252104,CCST,MUSC
0.50185436,OCP,THEA
0.5014474,ASST,BIOC
0.5011255,AMST,MELA
0.50084186,CHEM,NEUR
0.5008324,EUST,SOAN
0.49940756,CCST,EDUC
0.4993812,BIOL,PHIL
0.49873948,ASST,HEBR
0.49850303,ASTR,LING
0.498156,ASST,CHEM
0.496778,CHEM,HIST
0.4963479,CS,RUSS
0.49603325,GWSS,MATH
0.49515077,CAMS,HIST
0.49444,EDUC,EUST
0.49416515,CS,MUSC
0.49360865,MELA,PHYS
0.4932596,BIOL,CLAS
0.4928738,ARTS,HIST
0.4924153,RELG,RUSS
0.49227884,AFST,GERM
0.4920893,ASST,LING
0.49204996,ARTH,CHIN
0.49193874,AMST,CHIN
0.48959428,CGSC,LTAM
0.48952433,BIOC,GERM
0.48949644,BIOC,CGSC
0.48923984,ARBC,CLAS
0.4891506,ARCN,ARTH
0.48908684,ARTS,POSC
0.4890473,MELA,SOAN
0.488434,MEST,PSYC
0.48817906,AFST,LING
0.48763838,CS,GERM
0.48684713,ARBC,PHIL
0.48636267,ASTR,FREN
0.48562166,EDUC,PSYC
0.4856133,CGSC,CLAS
0.48515904,ARTS,JAPN
0.48496553,GERM,LING
0.48486114,CCST,LING
0.48464736,GEOL,OCP
0.48451844,AFST,MELA
0.48440963,CAMS,FREN
0.48438066,ARCN,CHEM
0.48309493,LTAM,MUSC
0.48302802,BIOL,CGSC
0.48222622,CS,GRK
0.4812203,ASST,NEUR
0.48118132,STAT,THEA
0.48090652,CGSC,HEBR
0.48058805,AFST,ASTR
0.48044726,EUST,LATN
0.4788597,CS,DANC
0.47870874,ASLN,RELG
0.47823453,ENGL,LATN
0.4768719,ASTR,HIST
0.47676703,ECON,IDSC
0.4765513,CCST,LTAM
0.47642443,BIOL,LATN
0.4763969,ASST,GWSS
0.4758947,ARTS,THEA
0.47570023,MEST,STAT
0.47567996,ASST,CGSC
0.47542185,MELA,THEA
0.4753295,CS,RELG
0.47506943,MEST,POSC
0.47402933,ASST,ECON
0.47345218,ASST,BIOL
0.47337902,AFST,MUSC
0.47321066,ARTH,BIOL
0.47282058,ASST,LTAM
0.4726537,ARBC,EDUC
0.47173908,DANC,MEST
0.4712119,GEOL,GERM
0.47115207,POSC,STAT
0.47056395,ASLN,RUSS
0.47051853,MELA,MUSC
0.4695294,ENGL,STAT
0.4694956,CHIN,LING
0.46946856,ENGL,THEA
0.4694115,ARTH,ASTR
0.46904886,CHEM,FREN
0.4683871,ASST,CHIN
0.46824503,CCST,ECON
0.46811333,EUST,SPAN
0.46752104,ASST,EUST
0.46713942,ASST,MUSC
0.46710896,ARCN,DANC
0.46682966,CS,HIST
0.46675873,FREN,PHIL
0.46503296,CLAS,NEUR
0.4626842,HIST,SOAN
0.46263415,CAMS,LING
0.46256426,GERM,POSC
0.46233478,HEBR,LING
0.46206555,BIOC,MUSC
0.46154767,ARTS,MELA
0.46115503,AFST,ENGL
0.46089622,ARTH,LTAM
0.46084076,ARCN,MATH
0.46020776,DANC,PHIL
0.45904958,CLAS,GEOL
0.45882368,AFST,ARTS
0.45853317,CGSC,PHIL
0.45826423,CGSC,HIST
0.45809618,DANC,RELG
0.45803547,BIOC,OCP
0.45789272,PHIL,PHYS
0.45752633,LING,LTAM
0.45731783,DGAH,LING
0.45602015,BIOL,GRK
0.45504138,DANC,FREN
0.45476958,GWSS,THEA
0.45475847,ARBC,LING
0.45471036,ARTS,RELG
0.45437878,ECON,LATN
0.45289466,ECON,PHIL
0.45256573,EDUC,GERM
0.45199737,CS,LATN
0.45181176,PSYC,RUSS
0.4511066,CCST,EUST
0.4506198,CGSC,EDUC
0.45044237,EUST,GERM
0.44969422,GERM,LTAM
0.44934034,CS,HEBR
0.44609472,MUSC,PHIL
0.4455158,GEOL,POSC
0.44527298,ECON,GRK
0.44497362,EUST,HEBR
0.44480807,SOAN,THEA
0.44243404,CHIN,GWSS
0.4422444,CLAS,GRK
0.4419337,CAMS,PHIL
0.4409621,CCST,MEST
0.44083843,GEOL,JAPN
0.43881,ASST,HIST
0.43823346,ASLN,MEST
0.43789414,LTAM,MATH
0.43738532,AFST,BIOC
0.43727967,EUST,PSYC
0.43718714,FREN,GWSS
0.4367611,ARTH,MUSC
0.43622324,CS,THEA
0.4350455,AFST,GRK
0.43497247,CCST,PHYS
0.4349532,AMST,BIOL
0.43489066,ARTS,SOAN
0.4344434,EUST,JAPN
0.4340312,PHIL,PSYC
0.43263462,AFST,BIOL
0.43258336,AMST,IDSC
0.43256205,CLAS,LING
0.43068227,FREN,THEA
0.4301773,ENGL,MATH
0.42896646,EDUC,LATN
0.42849568,BIOL,LING
0.4270062,ARTH,LING
0.42647752,BIOL,SOAN
0.42621765,EUST,STAT
0.42617157,PHIL,STAT
0.42605862,PHYS,SOAN
0.42596745,CHIN,EUST
0.4256129,ASLN,ASST
0.4251954,PSYC,RELG
0.42483637,ASTR,PHIL
0.42461315,ARBC,GWSS
0.4245308,ECON,HEBR
0.42412567,CCST,JAPN
0.42410913,POSC,THEA
0.42377508,ARTS,HEBR
0.42347738,BIOC,GWSS
0.42047414,ECON,FREN
0.42014176,ASST,OCP
0.41995937,ARCN,CCST
0.4189714,CAMS,EUST
0.41894805,CS,OCP
0.41765922,EUST,LING
0.41693267,AMST,LING
0.41659746,AMST,CGSC
0.41612157,BIOL,CS
0.41485652,CHIN,MEST
0.4141656,CS,GWSS
0.414134,ARTS,RUSS
0.41360986,CGSC,MEST
0.41332388,EUST,MELA
0.41316015,ARTH,IDSC
0.41295356,DANC,EUST
0.4128677,ARTS,CGSC
0.41277575,CGSC,GWSS
0.41190526,EUST,GEOL
0.411393,ENGL,GEOL
0.41136244,EUST,POSC
0.41080773,CLAS,EDUC
0.41017097,BIOC,LATN
0.40893,BIOC,CHIN
0.40844494,ARTH,GEOL
0.40839064,CHIN,CLAS
0.4079901,MATH,MELA
0.40793163,ARCN,OCP
0.40671223,AMST,LATN
0.40649623,DANC,GERM
0.4059919,CAMS,CHIN
0.4050286,GERM,OCP
0.40483183,ARCN,ARTS
0.40337688,OCP,STAT
0.40330496,CAMS,MEST
0.40321678,ARTS,CHIN
0.4031267,CCST,HEBR
0.40230244,ECON,LING
0.40206972,MUSC,STAT
0.40204856,BIOL,MELA
0.40099534,HIST,LING
0.40065336,EUST,LTAM
0.40044358,ARTS,PHIL
0.40011314,CHEM,MEST
0.39935124,ASST,GEOL
0.39826015,DANC,DGAH
0.39768824,AFST,CHEM
0.39699832,GEOL,LTAM
0.3959582,DGAH,POSC
0.39389718,CLAS,MATH
0.39377734,ARTH,THEA
0.3926286,ARBC,ARCN
0.3918141,BIOC,GRK
0.39138252,ASTR,CHIN
0.39115432,EDUC,JAPN
0.39103147,IDSC,LTAM
0.38761255,ASST,GERM
0.38748968,GERM,GWSS
0.38737667,CCST,OCP
0.38524416,CLAS,CS
0.38209566,BIOL,SPAN
0.3820479,AMST,ARBC
0.38082698,CLAS,EUST
0.37996674,BIOC,DGAH
0.3791792,HIST,MUSC
0.37857175,MELA,NEUR
0.3783748,LING,NEUR
0.3772178,AFST,ARBC
0.3764215,EDUC,GWSS
0.37619776,EUST,MATH
0.37571952,GEOL,NEUR
0.37554258,ARCN,GEOL
0.3754525,AFST,STAT
0.37445784,ASST,CLAS
0.37317136,NEUR,RELG
0.3730865,EUST,GRK
0.37227255,ARCN,IDSC
0.37216076,GWSS,MUSC
0.37172446,PHYS,RUSS
0.37038523,ENGL,LING
0.36819485,JAPN,MELA
0.36721307,GWSS,LATN
0.36464173,BIOL,LTAM
0.36203384,AFST,ASLN
0.35702953,GEOL,HEBR
0.35691735,AFST,HEBR
0.35301167,ASST,MEST
0.3524875,BIOC,CLAS
0.3515345,MATH,OCP
0.35104078,CHEM,GWSS
0.35070348,AFST,EUST
0.3506704,EUST,PHYS
0.34977302,ASLN,EUST
0.34854135,CAMS,LTAM
0.34842306,HIST,SPAN
0.3465734,GERM,MELA
0.34505886,MELA,OCP
0.34419343,ECON,RUSS
0.34190997,EDUC,MELA
0.34117416,ENGL,RELG
0.34036428,AFST,NEUR
0.3401765,CHEM,OCP
0.33959207,ARCN,STAT
0.33930132,PSYC,THEA
0.3391559,AMST,NEUR
0.33877218,ARTS,LATN
0.33779594,GEOL,LING
0.33755043,AFST,CGSC
0.33715343,MELA,STAT
0.33704653,MATH,MEST
0.33663028,BIOC,FREN
0.33563253,NEUR,PHIL
0.33048567,ASST,LATN
0.32985106,AMST,ARTS
0.32784605,AMST,GRK
0.32748696,ASTR,CLAS
0.32545865,CHIN,MELA
0.32134223,ENGL,GERM
0.32131538,ASLN,DGAH
0.32105708,DANC,MELA
0.32024282,EDUC,MATH
0.318408,ASST,ASTR
0.31693953,ARTS,OCP
0.31666723,CCST,GEOL
0.31464705,AMST,ASTR
0.31415614,CCST,GWSS
0.31301892,ARTH,ARTS
0.31163985,ARCN,NEUR
0.3100676,ARTH,GRK
0.30970255,ARTH,BIOC
0.30916074,AMST,MEST
0.30563417,ASLN,LTAM
0.3045841,ARTS,CLAS
0.30444458,BIOC,EUST
0.30240366,EDUC,MEST
0.30002886,GWSS,OCP
0.29941255,AMST,GEOL
0.29820538,GEOL,GRK
0.29735467,CLAS,MEST
0.29664153,ARTH,STAT
0.29238608,CCST,CGSC
0.2923653,AFST,LATN
0.29186526,ASTR,EUST
0.2907561,ASTR,MEST
0.28882694,BIOC,MELA
0.28627527,CCST,CLAS
0.28563312,AMST,CS
0.28478324,ARTH,CHEM
0.28233194,ARTH,CGSC
0.2811319,ARCN,BIOC
0.28051555,ARCN,HEBR
0.28026214,CHIN,OCP
0.2798099,CS,DGAH
0.27956352,AMST,OCP
0.27811474,IDSC,OCP
0.27725646,ARTS,ASLN
0.27660382,ECON,LTAM
0.27577677,ARTH,ASLN
0.27571127,CAMS,CLAS
0.2739702,ARCN,MEST
0.27349553,ARTS,FREN
0.27037957,EDUC,NEUR
0.2690518,ARTS,GRK
0.26856947,CHEM,EUST
0.26847583,DANC,GWSS
0.2672606,ARBC,ARTH
0.26706377,GEOL,GWSS
0.2661028,HEBR,MELA
0.2651467,JAPN,OCP
0.26476285,ASST,DGAH
0.26354676,ECON,GWSS
0.26153994,AMST,CHEM
0.26036847,ARTS,ASST
0.25794545,ARBC,CCST
0.25689897,ARTS,EUST
0.25630474,CCST,DGAH
0.25346985,ARTH,LATN
0.25324252,ASTR,LTAM
0.25191823,EDUC,HEBR
0.25184342,HIST,LATN
0.250448,CAMS,MELA
0.24329063,CLAS,HEBR
0.24007119,EUST,GWSS
0.23936045,CGSC,EUST
0.23826586,ASLN,CCST
0.23813283,EDUC,GEOL
0.23666117,LTAM,NEUR
0.23498473,AMST,ASLN
0.23312642,AMST,MATH
0.23233725,ARTS,LING
0.22563791,GWSS,STAT
0.2220584,BIOL,GWSS
0.2200028,GWSS,NEUR
0.21959817,ENGL,MELA
0.21290478,ECON,MELA
0.20917138,ENGL,GWSS
0.20844626,EDUC,STAT
0.2081539,CLAS,DGAH
0.20617406,NEUR,RUSS
0.20412071,LTAM,MEST
0.20278746,ARTS,GWSS
0.2022268,AFST,CCST
0.19878832,CAMS,GWSS
0.19273612,ARTS,MEST
0.19119337,BIOC,LTAM
0.19039796,GEOL,MELA
0.1892679,GEOL,LATN
0.1881586,BIOC,MEST
0.1844533,MELA,MEST
0.1809966,HIST,MEST
0.18001223,LTAM,STAT
0.17898309,CLAS,STAT
0.17877904,ARTH,OCP
0.17719154,ASLN,MELA
0.17657761,ASTR,OCP
0.17630023,CS,EUST
0.1745945,DANC,LTAM
0.17228359,AFST,OCP
0.1707947,CHEM,MELA
0.1671967,GRK,MELA
0.16669437,HIST,OCP
0.16581997,GWSS,HEBR
0.16569208,ARTS,LTAM
0.16059849,GEOL,MEST
0.15911525,ARTH,NEUR
0.15640719,ASTR,MELA
0.15499869,ASTR,GWSS
0.15496261,CS,LTAM
0.15449637,ASST,MELA
0.15214187,ENGL,LTAM
0.14967893,IDSC,MELA
0.14577335,AFST,MEST
0.14481129,CGSC,OCP
0.1402004,CHEM,CLAS
0.1394486,AMST,CCST
0.13902596,EUST,OCP
0.1383666,DGAH,OCP
0.12755673,CCST,NEUR
0.12693365,ARTH,EUST
0.1238414,HEBR,OCP
0.12268929,RELG,STAT
0.12250871,ARBC,MELA
0.120613106,CS,MEST
0.1144357,AMST,HEBR
0.114184275,CS,MELA
0.110906035,AMST,BIOC
0.10663736,BIOL,OCP
0.07874491,AMST,DGAH
0.0731189,LATN,MELA
0.07214512,CCST,MELA
0.07199436,ARTH,CCST
0.0718275,DGAH,MELA
0.071145594,LING,MELA
0.07074759,LING,MEST
0.06703871,DGAH,GWSS
0.06667522,MUSC,OCP
0.06465529,ECON,MEST
0.0637289,BIOC,CCST
0.059321288,ENGL,OCP
0.056570265,CLAS,OCP
0.050448447,AMST,STAT
0.047820706,MEST,OCP
0.046794534,ECON,OCP
0.046215814,ARBC,OCP
0.041024126,CGSC,MELA
0.040333424,ARTH,HEBR
0.033539046,ECON,EUST
0.029503904,NEUR,OCP
0.019260027,AFST,DGAH
0.005043591,GWSS,MEST
0.004044111,ARCN,DGAH
-0.0032254513,BIOL,CCST
-0.0045994995,CAMS,OCP
-0.0071639586,ARTH,DGAH
-0.01827643,GRK,OCP
-0.023983821,LATN,OCP
-0.056577116,DANC,OCP
-0.05910067,ASLN,OCP
-0.078451335,ARTH,MEST
-0.084161095,FREN,OCP
-0.09564494,FREN,MELA
-0.12680303,ASTR,CCST
-0.13313873,CAMS,CCST
-0.15730482,ARTS,CCST
